location_id,junction_id,simulation_time,vehicle_count,traffic_flow,arrival_rate,departure_rate,traffic_event_type,remaining_green_time,current_signal_phase,downstream_occupancy,downstream_queue_length,average_speed,waiting_time,travel_time,queue_length
location_2,J1,0,22,23.918515351999403,5.4881350392732475,4.973913654986627,1,8.08438301874353,3,0.13690027168559893,16.44235466388491,11.390874714165477,51.131898254645606,44.86340579494785,5.0
location_2,J1,1,20,20.306024649065552,7.151893663724195,5.692107600936255,2,23.666183331583923,2,0.7740473326986388,6.662903040572838,4.866083399279805,40.72411714138073,46.44682843418855,5.33853408063986
location_2,J1,2,35,16.26551525794982,6.027633760716439,9.528706723868426,2,0.34282375875093085,3,0.3045820306759077,17.657199960875822,15.037363211633126,67.74118294719442,162.08481825197816,8.120704773510099
location_2,J1,3,36,21.02697333400492,5.448831829968968,5.573687913239169,2,11.371013163114545,0,0.27032790523871464,2.629655985822552,3.3224592252718765,30.15986344809425,52.42362984793565,7.910291971034359
location_2,J1,4,5,26.229631037742397,4.236547993389047,4.420153177948701,0,8.505565397464999,3,0.8268703682806414,10.186841307363734,5.182618822238474,66.0039862222949,41.318921415053886,7.9622144195546145
location_2,J1,5,0,38.870378092437655,6.458941130666561,2.5942256434535493,1,2.0957705201803822,1,0.272821902424467,7.417055984357774,11.823256811138378,45.98558837560074,8.922460250822816,10.561449471805787
location_2,J1,6,10,24.540930642543895,4.375872112626925,4.694983029278751,0,9.204302986355884,2,0.4145674851494531,3.4822390445426454,28.517366514516958,78.36479651212873,111.28588543834812,7.611974276215289
location_2,J1,7,4,26.8088747351726,8.917730007820797,6.813925106038379,3,16.176707922412582,1,0.39267567654709434,19.128114455918976,11.227853505050685,90.3983954928237,108.76119001546527,5.902110138227514
location_2,J1,8,30,45.527236119673184,9.636627605010293,0.8297174765619597,1,21.725029098346297,2,0.09345945644411735,8.526117606464776,28.393240436742627,58.01971057632594,143.24883484360373,7.916382820481948
location_2,J1,9,47,12.001013668985477,3.8344151882577773,1.6053882248525642,3,9.24858502130954,2,0.45813882726004285,11.8196833064737,51.46335865161328,45.722345335385704,190.37489536654724,5.544402567977082
location_2,J1,10,7,43.1511308330175,7.917250380826646,1.5763227573665761,2,24.465714563057066,1,0.09445791415049454,12.672157794003823,56.957848398110094,93.67464737894554,89.47565892142661,8.815761518378457
location_2,J1,11,33,42.45191542142554,5.288949197529044,0.3330462654669619,2,3.5931404729266845,1,0.3567068904025429,0.3265700536741578,11.113939514171037,40.12595008036087,185.8582834605428,7.666311199111424
location_2,J1,12,34,30.4588790779194,5.680445610939323,0.9847800336397083,3,1.6789748504834356,2,0.23274412927905685,12.289294129537486,1.9844754885303373,1.5606064446828216,85.75914449964756,6.247249143724471
location_2,J1,13,5,12.597049412304646,9.25596638292661,2.2116091534608384,3,11.286797228165616,3,0.11548429713874808,12.369605190254958,58.45537276908302,99.0345001560894,81.81081907461231,9.582969769325368
location_2,J1,14,16,41.57596999360686,0.7103605819788694,8.07022835987101,1,11.043072059446024,0,0.7832344383138131,5.767969946629878,14.48511720459444,66.25045715326759,49.21263699819289,10.472850578375029
location_2,J1,15,47,46.34395447273124,0.8712929970154071,8.539401175386383,2,16.64063425984257,1,0.822559451360812,14.764531614610085,26.82863042975018,96.8903041099436,72.63225156808927,11.83395538181094
location_2,J1,16,30,2.3003655443648463,0.2021839744032572,2.326269928297655,4,28.1185309175327,3,0.9854914276432976,19.379434093407035,54.29690073299561,29.65562650640299,198.40224868289482,11.448256658112864
location_2,J1,17,48,11.413180495018565,8.32619845547938,4.895093288343594,4,10.743224253453668,2,0.05835635898058866,14.614181982549523,52.90321274003038,27.24368954659625,75.81137921548572,9.68810940013579
location_2,J1,18,41,16.22024318158189,7.781567509498505,6.801155376270952,1,5.15559297142929,3,0.2962423883711427,17.71924538004236,21.112233655635332,73.83903376936127,111.07225260523497,12.267225546188747
location_2,J1,19,49,31.699884887233036,8.700121482468191,8.672894054624647,3,22.522945856590557,2,0.14882930344317524,2.637040763259051,42.475047760526095,70.90721135651303,122.34968288659158,11.330154880203594
location_2,J1,20,48,7.617735284386523,9.78618342232764,4.174863747960118,4,11.349784345355138,1,0.3828080591578541,17.9077176857642,58.06768030791011,54.688490166942216,54.964713973519316,12.302243755216793
location_2,J1,21,37,12.935116103575062,7.9915856421672355,2.1552881156454484,2,16.562348300759126,2,0.27300890129390465,19.401501477020016,1.5298409380376898,88.80437054177104,141.721767649622,13.076522989919981
location_2,J1,22,42,18.651743194037373,4.6147936225293185,5.249704422542642,3,18.76909852031785,1,0.9241587666207636,17.246370936718048,2.9214177585317125,25.364252425682277,89.22710253184039,11.574748445175128
location_2,J1,23,34,25.62258293795436,7.805291762864554,5.1062890693618,3,20.415434434284776,0,0.9447074808964758,17.85724493934567,40.62686398999308,63.90273844915812,109.6722675550502,11.930448998347664
location_2,J1,24,5,27.18390269140476,1.1827442586893322,2.826996509455366,3,13.806591191741616,2,0.5305372145627818,18.44222923534386,5.3696727019740065,40.59423219682837,4.862639942031555,11.701603294748704
location_2,J1,25,43,0.4255795028313747,6.399210213275238,9.688640997540201,4,3.4710969998128096,1,0.28977587592057885,10.781470935338309,43.448870904234504,38.886743040906794,45.4167941915939,11.470882629261128
location_2,J1,26,36,30.01961185488198,1.433532874090464,5.887396099702881,3,24.410359491055903,0,0.6485983083692556,0.582000284022115,55.171886129934904,54.245700271454176,198.22833019487913,8.316178980109237
location_2,J1,27,39,34.69782054672738,9.446689170495839,0.9088573203240946,3,24.804726409234455,1,0.6232946730201306,17.73921562434835,37.12957009448259,13.346147093493443,196.11602655745648,8.933112769976312
location_2,J1,28,29,31.084644981742187,5.218483217500717,3.793560782249866,4,16.241423812714075,3,0.6806972386680347,5.742385233683349,2.5785845159513365,11.609833714391149,21.28588136251568,10.365497182135517
location_2,J1,29,48,19.456733855059287,4.146619399905235,9.521426972954208,4,27.190626821026424,2,0.8863046660865599,8.927888309664059,54.47253566125956,16.023046632014328,132.2235023016199,8.390813725203925
location_2,J1,30,7,31.276398553135532,2.64555612104627,3.613056815897162,0,26.35477871588219,3,0.05994429824957326,1.2215707413357468,54.463977449102366,73.9883917829101,179.61247144274702,7.30457327408877
location_2,J1,31,35,35.76039170061794,7.742336894342166,5.230063893232223,4,0.09298623253160443,1,0.47064894921390954,7.564903498469235,58.77161576012752,17.465838539500577,65.59760018161593,6.717507489544323
location_2,J1,32,29,10.018216097059701,4.5615033221654855,9.257021517101627,0,14.329395086292482,3,0.6330620068193471,17.813056188004126,25.956381425825164,92.82187108436219,118.41613253575171,9.16800245715651
location_2,J1,33,29,29.63901353383043,5.684339488686485,3.545060537517365,3,10.301751863727482,2,0.8217185635803377,8.055335193463675,2.253903150235703,98.46316229693069,89.62856638641156,9.653895147404658
location_2,J1,34,39,31.879134726539643,0.18789800436355142,8.130538632474607,0,16.921930810017955,1,0.7645619743577086,13.964969556365812,20.12989018055398,14.768557820670736,12.527200611961952,8.845188330310158
location_2,J1,35,41,6.8625675262069255,6.176354970758771,2.6062866689261988,3,12.998361986276613,1,0.10700414019379156,11.793894460271016,44.72388443683758,84.81503803469849,187.1664160433577,7.289989214709475
location_2,J1,36,32,44.59004826836351,6.120957227224214,7.809311328853308,2,22.949833426982412,1,0.6567619584408371,17.241251917024144,5.835479687258438,49.77769078253418,116.21638593441261,7.9235082035244115
location_2,J1,37,35,4.828143927836937,6.169339968747569,9.849333082108261,2,1.7560476670667635,0,0.47319004770989714,9.595077403941566,30.50342335401281,96.7259305892187,19.991703118570015,6.648883977321821
location_2,J1,38,17,5.865778209159695,9.437480785146242,2.712520767618641,4,11.994364200279922,1,0.1238444175177672,17.135104941392967,23.98004232608686,38.13971534308877,4.39472709858435,7.114919335907011
location_2,J1,39,11,30.72638499051604,6.818202991034834,0.7004219014464463,0,27.419736531396467,1,0.7263424644178352,10.738460021647809,6.628626659504684,40.50356132969499,81.07471656971121,6.116642766607863
location_2,J1,40,23,35.69635973496374,3.59507900573786,5.615772808883655,2,3.293533741875021,1,0.08523306029452005,13.313554619965899,1.7780890878180733,88.92873160786789,136.42379174704425,6.753058144897112
location_2,J1,41,38,1.4595117424456627,4.3703195379934145,5.349168549270839,1,28.749220786433785,1,0.3650998770600098,3.811338298801361,1.1473738469213868,51.814981379117434,168.55537253696846,7.26053357878397
location_2,J1,42,29,11.143190900749012,6.976311959272649,0.8053200347184408,1,8.237251465334694,1,0.10001406092155518,5.300793967289641,3.968967727017283,6.560486720992564,171.2552359245564,6.90545220249028
location_2,J1,43,1,45.55985807383639,0.6022547162926983,8.849518929154392,0,9.965726628809303,2,0.43298420628118073,10.564681783570716,20.966417522912092,78.14796002346614,150.20432977127967,6.55398264855311
location_2,J1,44,21,8.019676815328204,6.667667154456677,3.5020726096400088,1,26.133075999849847,1,0.6907847761565296,19.746975141479364,45.556947103000084,36.45446259967866,100.21263456695041,4.931443061342886
location_2,J1,45,33,12.701261552017861,6.706378696181594,5.510791485078967,0,14.879108861204088,3,0.5140544718305786,1.9498676843017049,51.11122196199609,39.554382979754564,46.61556489289753,2.9607970175102842
location_2,J1,46,19,48.53657213853164,2.103825610738409,0.03860351510261095,2,18.38600259350977,0,0.6863620495937504,19.536036062184,36.5155984311059,32.8378949371245,160.53842797935556,3.491338858391308
location_2,J1,47,18,20.76399733529192,1.289262976548533,4.156082609352576,4,21.665520715132086,0,0.3719187485124613,0.027666999979982787,14.861101349538956,31.82335091770624,171.75549364638044,3.4110377191736854
location_2,J1,48,44,22.22936439056504,3.1542835092418384,3.361022663998874,3,29.756709874638883,1,0.8953451139192837,1.3016496288596935,41.1286428611081,23.107005093164346,107.7737006790299,4.325071743022068
location_2,J1,49,16,8.302391226062284,3.637107709426226,9.227566102253654,1,13.592827363466354,0,0.20556632264086294,10.709365136062347,26.26885509747536,97.49898122765448,60.16478515096737,7.796594300278605
location_2,J1,50,34,40.90166528779192,5.701967704178797,1.024137584524164,4,23.46268131677777,1,0.07535906908334034,8.493260056811858,6.457062308974915,56.8217593669845,49.31138796223122,8.899119541349256
location_2,J1,51,30,46.76509429422231,4.386015134623204,7.722655830970694,3,0.08031213100185952,0,0.24217859412608544,5.007964257071455,29.00361211214352,3.9992801900716968,127.9410212150254,6.85292054217411
location_2,J1,52,21,34.657640150713384,9.883738380592263,7.051475406390798,1,21.2710638054987,3,0.4555785607690829,12.003864183655793,39.24491588918888,37.30397772597123,133.64679458985543,8.983067650080613
location_2,J1,53,36,14.428497882584779,1.0204481074802807,8.743999170748424,3,18.339822605928628,3,0.7452329600321291,10.538148981043607,29.260579412292454,0.05459648969956543,85.08034507101094,5.814813602923281
location_2,J1,54,17,10.412662606074191,2.088767560948347,9.323939389604943,3,18.066875306890374,3,0.8028933715613342,3.1829247388448567,36.34271743621673,11.566187190501331,145.5776316739023,4.563529789404978
location_2,J1,55,28,27.730169449723718,1.6130951788499626,0.2575645952958272,2,2.4018328002130094,0,0.29288856502701466,14.301051949303341,25.086552704880052,17.29513542711564,21.442149085709204,4.018602189834779
location_2,J1,56,30,27.295879823395225,6.531083254653984,5.8881170959982025,0,21.99867402950178,1,0.42181922028594465,14.059034215754023,21.432445446726657,97.29117433524024,174.46050197653912,6.965488432031709
location_2,J1,57,38,34.70789256845628,2.532916025397821,9.195074069058206,4,5.310173447024877,1,0.5101279999339283,2.553772830813419,37.28838217427598,23.933700414974467,126.17421341365105,5.183470337963965
location_2,J1,58,27,30.010643406564697,4.663107728563062,9.6319729526038,2,7.608771232571447,1,0.8735568272907714,9.83784463416689,53.9376655336219,18.551789752317628,106.53371749427214,3.865758138565308
location_2,J1,59,13,40.47966909279769,2.4442559200160274,2.0407206153032895,3,12.992323473038054,0,0.2982644208891001,19.563443471751242,2.760814604556705,18.975361652607802,104.17495903031441,3.5048540191447675
location_2,J1,60,1,38.9589716650917,1.5896958364551972,7.955903685432131,4,23.126182697059434,0,0.8786003749184793,19.948722551158884,21.773279804582057,4.523449008472591,65.0593615299004,2.222362862198171
location_2,J1,61,15,28.392300073875376,1.1037514116430513,6.211692473670547,2,13.581865772632183,1,0.6277347561952844,8.028558986110399,25.001505414522658,81.08386151289514,69.63838854930403,3.744525027774664
location_2,J1,62,2,13.230976484486156,6.563295894652734,5.75533888310394,2,22.23694997730557,2,0.33447374149611486,3.5074413903048773,6.953908129552784,89.98667430000302,11.375451829071093,2.547443395261239
location_2,J1,63,24,4.369134491850008,1.381829513486138,3.8644740628801766,3,16.99518320967488,0,0.30638265119748087,19.774980061853547,34.44191037769912,94.49491922357596,111.95484625894736,0.6513983343783205
location_2,J1,64,40,24.248282257903526,1.965823616800535,9.011621706491615,2,18.43314189319199,2,0.7255735341014894,0.771144921179967,46.38660315032515,21.687025009104065,180.6299293703143,0.1918320596250016
location_2,J1,65,34,36.37403700490778,3.687251706609641,5.845925768881225,3,7.543913639676722,3,0.1509348973110416,6.605340713937984,48.832808515238156,14.038395779934687,45.47248981550036,0.0
location_2,J1,66,4,12.13186633054541,8.209932298479352,7.310652091744037,1,9.32519931429948,0,0.39243056875450566,7.838657308782826,47.670387543081965,70.60610072140608,63.78346528681917,4.125787925497382
location_2,J1,67,36,8.117897395633339,0.9710127579306127,2.9084090665674256,0,13.223315778115165,2,0.4800608878207556,10.443517380042382,51.21636253777632,88.94479088158666,44.02077215618127,5.0767028607510065
location_2,J1,68,46,39.23652846794428,8.379449074988038,4.915914271695155,2,9.670006141398543,1,0.9650893843366521,9.824020822320525,4.341022105149619,28.011374830583723,180.51604142012263,5.703441654964347
location_2,J1,69,31,8.824969444453007,0.9609840789396307,9.391609090873704,1,16.04724595149604,3,0.8288409062040861,15.809245793680159,30.89957487063962,0.968331698524838,27.27140147081224,3.153919740315388
location_2,J1,70,49,27.95868910508511,9.764594650133958,9.222985036674476,2,10.828034179024137,2,0.8339816438766318,4.276706936031731,46.27352777795461,1.2171156943258765,64.5659075096175,5.412065441390494
location_2,J1,71,9,42.46595818805059,4.686512016477016,6.955255399409916,0,3.5438010502432737,0,0.9384120216943856,4.57293101965891,40.62846864668545,59.28802707811576,2.012739131218666,3.8029094065691256
location_2,J1,72,10,46.54197272240012,9.767610881903371,5.457793402968006,2,5.359069150704462,1,0.03066104832571792,4.488272238416804,57.22054178563878,58.23197330520553,21.494513553760907,2.380457982702845
location_2,J1,73,1,22.83518129302421,6.04845519745046,0.20950069267730465,1,14.683759063040945,3,0.7841143502938672,4.627635591214911,29.406615899131094,74.4101230952888,167.96130484286286,4.712702253443441
location_2,J1,74,20,47.42701505644205,7.3926357939830165,7.782761672964438,4,20.12284967834202,1,0.18534858697938283,19.9163058591927,7.761345662321977,47.14573193542654,13.618619848421321,5.5901062024116515
location_2,J1,75,32,32.22395515625362,0.39187792254320675,2.512119615032453,0,10.499785308905068,1,0.9211922084190198,9.00418328155488,52.79140123388571,4.401636229319328,107.16038393487135,6.191660196102614
location_2,J1,76,21,31.335323797955244,2.828069625764096,7.275436095907498,0,8.003644741352495,3,0.652124594842139,17.064919523170257,28.519486932724945,96.92058717176852,53.12650950828945,6.165213089966368
location_2,J1,77,47,45.58283779164883,1.201965612131689,4.137584288128747,0,24.71153016069508,2,0.20063767068556848,18.589503733996665,7.359719000075719,48.137522904613036,18.345619298440297,6.705971886145203
location_2,J1,78,18,20.931843178501325,2.9614019752214493,0.05310047614667801,2,16.501635278289417,1,0.08329097971899924,1.0215096033851356,57.9309983482484,85.90026396580586,30.405445441913905,5.16774800955642
location_2,J1,79,48,45.50363083990953,1.1872771895424405,0.2798199115935929,0,26.87733576256963,2,0.1089037388413262,5.292991960056006,58.50568081272279,63.94627744740102,104.13555829651071,3.0193131238776267
location_2,J1,80,25,20.602622171678004,3.1798317939397602,4.983880977403929,3,29.937525733066273,1,0.6176569825692433,0.8581238080511633,42.051338966864265,91.32843408854808,104.91541349572519,4.065782701809387
location_2,J1,81,22,39.343001365764934,4.1426299451467,9.730166327573441,1,26.550655536354185,2,0.3178978693409603,10.51901877180643,42.25627763586711,95.55505485464485,23.563947606740964,2.8721952920492217
location_2,J1,82,25,13.31419942129093,0.6414749634878436,8.074185272001149,2,24.844398396500846,1,0.7737104057028639,17.676372754423305,58.15006527278166,57.34439378411604,91.68248688914767,1.503262576139714
location_2,J1,83,22,10.139802059349762,6.924721193700199,4.235876367143044,2,4.910527834549454,2,0.7160326485544439,1.1274432423803815,58.68922413967254,33.145192195647525,41.212707484311316,1.6331826134977723
location_2,J1,84,46,27.62906662552523,5.666014542065751,8.518085827572431,1,7.358338261512433,1,0.6308318084098038,19.95988001871317,59.27335016001157,60.33229922907446,25.604174090163333,2.264326141320554
location_2,J1,85,19,38.07183466928625,2.653894909394454,6.959468588151881,4,4.929579495737083,0,0.6383901057769485,5.617189892644854,56.869313226695375,72.85587299494868,65.93023151628252,1.7917705896514131
location_2,J1,86,38,3.444022725584178,5.232480534666997,9.431424393677633,2,6.63654383194777,3,0.32690272556577826,3.6295264060833787,9.977374200515328,24.04903956230202,44.10565994664679,0.2454501412767225
location_2,J1,87,14,38.48168813607731,0.9394051075844168,3.6348176474859506,4,6.917138690814601,1,0.33283098638248143,18.644984059865532,47.319657646067526,98.77583893150484,177.47261241673058,0.0
location_2,J1,88,19,31.69908265036916,5.759464955561793,7.510322995349188,3,12.780071630086816,3,0.3548211314050739,0.6754313436294135,4.97257035549821,76.58324795628452,168.48036318822093,0.0
location_2,J1,89,10,46.17277691020533,9.292961975762141,2.991536445438161,3,4.568493176908511,3,0.5881514604352993,19.677076593632336,41.83981504980309,38.95485073455688,52.753537290092424,2.3317914729051026
location_2,J1,90,43,36.849261870812036,3.1856895245132364,7.257837110777635,2,27.76185075877322,1,0.9044397579361083,15.588174640981991,50.962977722648674,84.8721531829773,49.52355869044991,0.05678969723620131
location_2,J1,91,14,35.94905505584959,6.674103799636817,3.2336547833793414,1,27.343526260522868,1,0.8023557541483904,0.0012113720020501262,38.832591426573956,67.28891631083059,115.48264069365959,0.0
location_2,J1,92,28,0.9731233654650173,1.3179786240439217,3.992223836579093,3,22.676025988649887,1,0.8882650405440435,17.206213566868392,39.179985656714585,34.42891646989389,109.76985347986094,0.27594441249804985
location_2,J1,93,19,38.6829521874377,7.163272041185655,6.472179725846266,3,1.2353937398436499,3,0.9010079116192743,0.18750355407704422,6.14339707515867,78.327418493072,12.17844511541648,0.19969906221422062
location_2,J1,94,11,7.418946883868783,2.894060929472011,7.732591260670231,4,28.528675805702612,2,0.9822477772883441,19.85333986928533,7.116931101945953,93.82561369639623,48.91392180411256,2.9183752354129933
location_2,J1,95,10,22.327336951124128,1.8319136200711683,0.9469723108128403,3,1.126030501533315,2,0.1047361066812933,2.3311722485919706,21.458342090893126,0.4654836837183485,84.9707842403379,0.8161206285265467
location_2,J1,96,17,19.408454150590366,5.865129348100831,5.556790388062193,3,1.8806658607092164,3,0.46258273846889053,12.926583731933679,36.572202958716545,20.095056150453118,67.56817338780752,1.9740482404864639
location_2,J1,97,4,28.464345999214718,0.20107546187493552,5.120807159237845,4,1.7241189899852283,3,0.5552941074669596,7.912673352514523,57.32795599834685,59.83159693646871,23.783388429202713,1.6491780963534914
location_2,J1,98,25,45.43667203991924,8.289400292173632,7.357400856446253,3,27.490209895097227,0,0.1940580886467822,19.857733765225888,30.001284140472,99.65408664572736,131.72081407798277,0.8930711791147163
location_2,J1,99,47,32.170955598017976,0.046954761925470656,2.465770534254672,2,19.15827532924239,2,0.9220938834230801,12.756805981714743,5.873759911405553,26.091105331620945,35.58593652847826,1.55106870733396
location_2,J1,100,27,39.6783684024176,6.778165367962301,3.0065115869676684,4,6.836121411619974,2,0.6751259138207569,0.4271736587669661,6.1390089532556535,29.2177365167522,196.59802199156792,2.077813709594839
location_2,J1,101,6,46.842234332336595,2.7000797319216483,3.7310588397870257,0,9.938066408781788,2,0.3941608737916288,6.765627837949109,21.988796166821214,86.64586694893916,138.94562100027667,3.3288394397643613
location_2,J1,102,43,33.02680885722701,7.351940221225949,1.5236448365130972,1,3.0070031227236917,2,0.6884629301299613,19.535239105724315,7.625225988979569,74.66881176643696,48.50625088492686,5.1675607879291965
location_2,J1,103,26,31.057016273019162,9.621885451174382,0.9781016147905275,4,23.074665749657733,3,0.549237259132665,12.863975524339487,34.225404635415586,27.367754892933295,44.16485682208631,9.080563411337009
location_2,J1,104,22,37.993662046855356,2.48753143519958,7.927183641101987,1,29.826992496622864,1,0.36110647795445916,1.5170018396156282,59.04181808625334,86.98480712136009,41.099825301967115,10.096400539070983
location_2,J1,105,8,32.62571732145602,5.761573344178369,5.526458698851697,4,9.721569636102027,1,0.5579874006096327,19.648897660014196,24.026912084155402,66.58713983098399,80.17591272639706,8.892403702923426
location_2,J1,106,3,26.29583199609619,5.920419312718391,4.985335486942763,3,15.103478340370774,1,0.5323203282585608,14.063780320313287,56.95679400258852,69.40873750829799,156.23856879247813,8.087537278028782
location_2,J1,107,35,23.560338234179696,5.722519057908734,6.581992463304118,3,20.59140690001419,0,0.802733654553383,12.274042569978407,45.34427887661848,37.84033699154114,120.18673729192804,9.382273938841445
location_2,J1,108,40,3.9123049845234403,2.230816326406183,3.712869442824993,4,3.5247477938272254,1,0.7079823546511866,15.344201321081938,17.229162773179763,54.8256281942088,108.67052806335391,9.292450893060051
location_2,J1,109,30,47.84352845528232,9.52749011516985,2.779899447954659,4,23.44471551328239,3,0.5802378708634601,15.497595586948039,56.64194798568596,3.669141786941299,29.480020502644134,10.287904065522909
location_2,J1,110,37,46.37448977075195,4.471253786176273,0.13637747735706696,4,27.514559017336897,2,0.7018404829444163,0.6038554653742323,52.399165674114215,44.447895535227,100.47865878142022,6.9899724571546615
location_2,J1,111,4,34.89969098774503,8.464086724711278,5.418223987881584,4,20.016397457952557,0,0.1681421180228203,11.122663589009479,19.08171785762319,95.80671779934349,193.14685559605613,7.1746004106897505
location_2,J1,112,18,38.193436197004196,6.994792753175043,3.1251098949744227,3,19.544011823476094,0,0.3135906117427012,7.310780562361527,12.076005945651927,48.714812691737464,198.0737044279159,6.040582898254011
location_2,J1,113,2,25.312510549407243,2.9743695085513364,1.4417904634170442,1,6.005696646253686,0,0.30342126372622824,5.333603638721347,46.26551371496926,52.831999257265,174.59811450520226,6.000537788363467
location_2,J1,114,0,9.661814623727805,8.137978197024772,6.85467145913117,2,6.339046754357503,3,0.13417363807828764,6.330822419162681,17.925018651116456,25.50637853166394,150.10733068648327,6.173928265198226
location_2,J1,115,41,3.255924036345598,3.9650574084698462,7.116144965902173,2,18.820232169801105,3,0.2961277734146933,9.868139245783563,39.42262061498539,46.10502191524082,187.0321024155651,7.207865998827857
location_2,J1,116,6,13.167326041302674,8.811031971111616,9.301107711321482,0,3.950618454433706,2,0.3398430399924631,4.362560255063402,18.529146509165198,50.69657259277884,44.35621009625614,7.924168217457375
location_2,J1,117,11,3.7460721256207306,5.812728726358587,5.533152433905455,0,14.5037699451307,2,0.04446784344627708,10.24620119803415,3.8295219574326334,84.80629736675621,189.87397929719953,8.786944236956021
location_2,J1,118,3,5.068701991881691,8.817353618548529,2.8672584878976624,2,0.26711995722119686,3,0.8174532636181662,15.38093988640281,40.67369817711128,31.98338893831543,39.290198364190786,8.091876999090982
location_2,J1,119,45,42.14866482005421,6.925315900777659,0.16252788677369678,3,17.53919372920834,0,0.8980877551269836,6.429458617084105,28.451088735817304,51.47671040351863,28.087904274210594,6.500223450466607
location_2,J2,0,10,24.06536786203546,7.128923026989064,4.590864793025905,0,23.65405161073324,1,0.37005203878232495,3.929936910501959,1.7928683754622532,22.618104580202147,124.36198886318999,5.0
location_2,J2,1,12,35.03166723202714,8.304763451209595,8.418157394050853,4,7.697024228453938,0,0.6218823913943651,10.574830233988962,28.163061308709178,75.94502514576428,35.64019098785363,4.880639977877617
location_2,J2,2,44,20.024598923266918,0.5790927689626024,4.237012887056761,1,2.223735537390723,1,0.855483761218211,12.658776423919422,54.8345442023834,36.62749385282401,196.93368042509152,3.9920802251753282
location_2,J2,3,35,13.31851958045484,2.9138882053690276,3.6859891994357543,1,26.37577678018165,3,0.144240102021566,16.80033395470556,39.694658893790034,5.902324526911473,162.19634632003067,4.984496689470339
location_2,J2,4,12,40.698746125669146,0.3804468153505791,8.690872755730222,1,25.096415418575933,2,0.2546486150246118,12.60473643148196,27.395947859378627,61.179153044668055,116.20371642073725,4.789688323204748
location_2,J2,5,37,16.292742100189813,9.565441046882423,5.025093969698046,1,17.75322330577261,3,0.8742827749512302,14.094643888333403,37.37809937869826,95.59617507082513,191.65586676842116,5.288139545949245
location_2,J2,6,13,41.50740899434009,6.671688207038235,9.666516742688756,2,18.800263476912992,2,0.818101050024029,6.812092877687039,9.122821502665321,78.4058614467154,148.78756412634831,4.360931551791471
location_2,J2,7,19,43.74211809696694,9.642004194547816,5.556626252724074,3,15.29395769912764,1,0.313695054022317,10.248169640496796,18.102094478379193,86.18229919755957,168.86540279656444,5.605363534300071
location_2,J2,8,15,32.90625832959314,5.314942783313078,0.6149864517287051,1,27.272782710856895,0,0.505473015440467,16.972967828866143,48.573982346926115,0.9777517631399779,31.074237367098533,7.120445082219612
location_2,J2,9,34,38.957696226245695,8.020685238956139,4.905490547939327,1,4.331934574100911,1,0.47661422856732605,2.241437617498303,19.28531551653988,28.477970503095428,88.92507202048401,7.974123941877434
location_2,J2,10,42,4.6626996924235105,3.7441398387974,7.733550176127869,4,18.46791657328934,0,0.5151529471065713,15.104792850893231,7.028513288969,35.62559670265123,16.479269347473767,6.172351044231245
location_2,J2,11,27,2.6248594177736564,3.538190325726409,2.261431027514135,2,28.65192436120679,2,0.5875384574390932,19.73187530162507,27.82168120850056,91.51448025866911,67.32802601625735,8.382389371920587
location_2,J2,12,30,26.141214146192386,3.7826781710513266,0.4444338825955618,1,18.0055327194432,0,0.8339456009665606,15.842105794987415,57.114022719040904,11.42124614382578,162.87949224877806,5.522565856736356
location_2,J2,13,12,1.636894472282291,6.578621337264282,3.988475267787729,1,3.095793947417602,3,0.8167256870298913,12.143612802603842,57.44931260687096,70.88828992608414,22.550301980731668,3.306945716111361
location_2,J2,14,41,2.770384668628317,3.5945315102165223,8.11902998402396,2,24.59271037255501,3,0.8256808210194495,14.936676218707131,30.740948739335884,45.802096308880294,109.88371665996317,4.790919421912978
location_2,J2,15,27,15.301140369070426,9.003674516042256,2.274238885718227,0,26.635029188504088,3,0.8086081301296977,6.391851827625659,46.82219994954154,77.38884559659282,187.3034288822525,5.761593403936406
location_2,J2,16,27,15.736638600023788,9.832748650501554,5.786099801171002,4,7.045368984807146,3,0.12976262256838134,1.176174418689242,34.545170701833136,18.61301663330024,1.8495988447398748,5.548018871465117
location_2,J2,17,20,22.591567612119174,0.3042651533700591,6.6632039913869034,0,25.28763336382456,1,0.6966782618209768,12.706277972830772,40.880140416717204,10.390145615975365,151.48750824559127,3.113599722417864
location_2,J2,18,42,41.199504700134774,1.9362329040249648,0.14976260219019433,2,5.642430348779143,2,0.6147627506164867,18.888082429391122,9.615595208195703,72.96113830353528,121.81877958870868,6.418194458579377
location_2,J2,19,33,0.31017073546830143,1.12249992587386,0.09284450505927078,0,7.353481414045261,3,0.6442986274656124,14.285996925874873,29.631929215232226,58.18889426345698,25.273505066120695,5.799476586906713
location_2,J2,20,43,26.686156079468365,0.4236404709144326,0.9880582986920283,0,17.83135977991322,0,0.12516165796134293,19.284195132320896,46.85311107768142,16.63246137196387,110.53729422164278,5.794402925776528
location_2,J2,21,20,40.271058362530916,2.277409933472865,7.915374723231269,3,28.90409984235557,1,0.757961809198851,15.594963293613592,45.08078565931456,39.20799503447044,39.48826194522883,5.743681622788252
location_2,J2,22,41,27.68830368530383,4.467933203690811,1.1389410481136342,3,3.065526343461058,0,0.17633290746448915,18.834842865310332,43.262604505949376,29.797026415692997,141.84675279015812,6.204531296520373
location_2,J2,23,5,46.2412436836311,8.369903652886837,6.422793297140937,0,10.773195229599002,3,0.5364556379646819,2.73539873558182,40.29409954333288,17.87171067867662,167.63509908368974,7.339478840762551
location_2,J2,24,48,39.56407761162469,2.218240305099961,7.21198112930903,4,19.3159211016779,2,0.573993703808773,7.138078432691691,56.03039928815782,36.63271609732551,185.2282756642148,7.669929075045477
location_2,J2,25,12,15.145240433491752,4.939452556622013,5.772840145429821,4,4.910192227244917,3,0.41702974119199354,8.536390302210817,16.086555894752344,13.159685036669,7.842107842779411,6.697523996140948
location_2,J2,26,10,26.59295434935029,9.296187394467545,9.624102746088314,4,14.24615102142027,2,0.9811417686583087,3.0143028766901225,9.735108616284053,11.468098742884536,58.1522939394953,6.64986052636217
location_2,J2,27,31,17.51009759782882,6.672147067866749,2.6798868250442007,1,18.897056092613223,1,0.37966644320667897,11.431003908338687,59.01332509027322,0.15945706042945762,29.090028139773196,4.041669295049505
location_2,J2,28,4,40.256374260391894,7.980790197559974,7.692471190327554,3,2.828643093747716,3,0.39618455999532054,12.038873962262247,3.8021402729308984,40.98574499073388,144.5000175019844,3.4620808206737657
location_2,J2,29,17,39.67985210710302,5.509939701854862,6.291156238822889,4,15.476201795562861,3,0.0831647718081091,19.49548845020913,2.957115544413511,93.34558911487183,50.57077554965224,4.175928847521003
location_2,J2,30,46,0.0036849716553044587,9.8046645884063,2.5424008917959973,1,15.970082126919667,0,0.35300959194920767,3.189930971793733,11.478753343893096,54.93483220635136,4.340362311646695,6.587774271907833
location_2,J2,31,31,24.86156984886863,5.886621546814742,3.920217173051701,2,8.747900382762317,2,0.71337040541456,8.173547949093706,31.105938596560165,66.51828444118888,32.961117969507555,7.381160652708145
location_2,J2,32,19,8.602108179592971,0.4551071396259154,1.3643236902046962,1,14.59818273844376,0,0.5334566892660394,7.379517031973968,8.595193833530105,86.87285769777596,101.240333281443,5.831214109928915
location_2,J2,33,10,36.996874039143535,1.9798279993979484,7.046646536082916,0,5.128044179523135,0,0.705306772779262,7.313526662518366,23.7246432551185,23.059463665872148,68.80203513017078,3.3587468252215387
location_2,J2,34,8,17.817136736955717,4.04773628957148,2.4083634900404496,3,7.741078702252638,2,0.556897735850336,18.130464588165328,43.00770048500213,90.04372776336203,40.34214548115271,0.0
location_2,J2,35,16,17.733887463945987,6.012771725737763,7.437051068242359,1,4.2893634785815635,0,0.04386242976638255,3.6840861303765426,14.231377923100553,18.350446707133848,150.9567786393129,2.629516721031863
location_2,J2,36,3,11.037313069266746,7.719308674089599,9.677585797046286,3,2.4299455417522644,3,0.7083602670365968,7.855178918089456,1.7562564060626484,43.4955219026878,181.65461728308284,2.509142034225299
location_2,J2,37,35,49.456065271887525,4.130861259038863,6.954073532635352,3,19.332466927110396,0,0.5654457517118716,14.225499449349856,30.40618466201794,82.64779517197294,196.48929866742435,2.0797024086412446
location_2,J2,38,43,5.746217499411599,7.100583050156887,7.240725264090636,1,5.283115133684884,3,0.9545947821201767,13.250289490749925,18.638870289556838,48.98213704220553,52.81454873678029,3.030195456730694
location_2,J2,39,21,26.918421923450786,7.89869503109125,5.724502181565559,2,9.683200310410408,1,0.5613987175911241,14.264920260813533,58.91185302079815,42.819865767453216,176.2133225353017,1.6521303217969427
location_2,J2,40,40,7.435706642794343,3.1726019724998276,9.134326099625223,3,9.34348186626602,2,0.7410239001954746,3.5090969977383213,28.31793832582877,60.720459795889234,35.91769604241246,1.35552779923507
location_2,J2,41,41,41.5098289917526,9.792702400358186,8.42934859301282,4,18.92239483176322,3,0.926265880140584,13.23527189208821,4.8280310387483265,54.218695409246834,71.20145192698139,5.656311914058498
location_2,J2,42,7,43.371681501588,6.496564952358356,6.3028543153539935,4,21.70869283196574,1,0.4553996993127578,9.33724535398731,12.698250673258078,95.38610280992988,62.18519891779444,6.540430277669491
location_2,J2,43,47,14.732512097727335,8.809980607861313,8.49028634935663,3,16.166310129633292,2,0.7895383055524736,9.443801288590452,50.26434479173078,32.28489055115804,76.63922006994575,7.419736561968448
location_2,J2,44,39,48.080305780333106,5.559376888086067,6.502003358335974,1,6.161698728655666,0,0.8903785611157826,0.5651336594351353,6.828491881414294,10.207172911915185,151.38706502421095,4.766940893913453
location_2,J2,45,22,36.71805137320181,7.416031071523237,6.105632454438723,3,14.930860593520338,3,0.6451385335716601,18.819006597562765,34.538044371658884,61.43675117683143,13.571163540755094,8.52970726242888
location_2,J2,46,42,11.138555231720925,7.705440616163654,5.618576169108853,4,1.508731894421672,1,0.11080397111904217,5.584648291316016,33.16444417452233,45.24814831008518,88.07714498005109,6.271874902549582
location_2,J2,47,46,45.8242699373245,9.08248379234579,1.8586265267449054,3,6.526566308401154,3,0.15337034709900133,17.81009509435457,55.94660501646809,99.92080001880441,47.44161263637072,9.576953369185611
location_2,J2,48,25,7.418678662893752,1.503497568713703,8.208656496687533,3,23.908547786670926,3,0.46304438152129135,18.321018165499822,40.126952579535654,7.2473924248856125,1.0989635618325444,5.193350976333113
location_2,J2,49,14,14.651141823341296,5.582834241692485,6.696948317941253,1,11.561503571473173,0,0.6866900298168611,19.898038147059264,44.739995032500865,63.61895490858445,15.614970835660857,7.35982162422365
location_2,J2,50,43,45.66960792285785,4.283785131058563,2.010054816809057,2,20.889710552415163,2,0.7639333645192852,3.937839797557363,58.78233822318335,70.24173402529652,159.84718521397707,9.325497553749225
location_2,J2,51,8,38.67273357609563,9.231590211737403,4.062724969061188,2,23.84778952975134,1,0.2630787802965846,6.670147913503652,34.33902095751753,89.48697402009823,35.25632802800296,8.0747977704557
location_2,J2,52,25,39.17695976111287,1.050946942489992,9.707023907775747,2,13.41968661767176,2,0.9503362098625175,14.231432002977574,27.388358870454933,32.16538414437973,37.741073248336306,7.655090704670167
location_2,J2,53,48,14.715820447686767,9.825738886809127,6.380845977222838,4,9.44172174909868,0,0.9101313871334668,10.688640563307192,0.9405669629948354,34.47021787677881,144.86671277506395,8.801908790148008
location_2,J2,54,47,17.138585813402766,8.754513240932964,0.8399694727815732,0,12.154831771926268,2,0.5479066993580314,13.646531581251178,48.34214028232065,67.14275461256203,84.48149895373291,7.574107732918792
location_2,J2,55,44,29.012408328565026,0.7382628156424853,8.974333267292597,4,22.911258394433236,3,0.503527819782402,12.416831248849531,49.97930856333857,56.45971096407215,18.1938678591127,4.37505457922195
location_2,J2,56,17,19.511520954165345,4.9096638554047445,7.331266083605984,2,15.15340315853216,2,0.5422419402296902,9.495474356733375,2.743698259944436,65.0677420127789,174.5159385284387,2.478669955938221
location_2,J2,57,47,26.725447000289606,7.1755950021252595,4.245529560580095,4,15.047744128223025,0,0.7164101248607516,5.750067457636812,29.967030391640915,95.80593879308485,6.664708540231734,3.9947210428059883
location_2,J2,58,22,49.52695969605939,7.381515456910565,5.7149744646245555,2,29.767303637769054,2,0.3661175500743158,17.85279606094643,5.066299585436873,16.548322833961315,125.08352207023373,4.375066801142566
location_2,J2,59,42,40.60372517936939,9.064941252379208,4.547614375911113,3,4.149202389875162,2,0.42746140569325586,0.01806571042499261,4.188858177581696,22.649127794102164,96.22039280316234,4.232096418874821
location_2,J2,60,2,22.86650533850561,7.99865435582311,7.52918379934675,3,29.2436178220413,1,0.9956701936358869,15.35110448176654,45.754822690636075,92.22061356406637,145.87709364381857,6.247232126166755
location_2,J2,61,10,23.92879292409249,3.109303803440895,5.751111164699841,4,6.96629265490777,2,0.47131545292505006,9.791932606862996,0.9954451475163584,22.973358899213192,94.26043761948499,6.538644741845092
location_2,J2,62,27,49.09080429819777,4.984347858624524,1.1552222031708181,2,15.50216144454145,1,0.22443086745723817,12.101786503864876,53.23313673655814,56.644349719299484,128.8205089298893,5.172306119813557
location_2,J2,63,27,18.090061958456964,7.017857629358541,3.8163932039592585,4,7.923771935625878,3,0.26004634657039793,2.9194678091433013,22.10234183833443,78.41194815027248,119.22660394753757,3.64733656771922
location_2,J2,64,8,9.310579759336163,1.3843684136435142,1.8839952278280425,1,11.885635421855497,1,0.5265842599978379,17.733664416949047,49.85452786665455,3.160544282040556,113.68380857324321,4.09278395263998
location_2,J2,65,21,44.371090815058025,1.9399079760019733,1.6922909038690193,3,15.933113129058867,2,0.13577579001831186,7.2066799681616605,0.9338234838563819,80.17804307853092,20.140816316438315,2.9634775033071863
location_2,J2,66,39,13.111565651189395,4.8104244810987264,0.30014971255053924,0,5.78642108273845,2,0.8910623143547655,1.0935549851384807,16.886198652809814,39.84317060739332,195.73652430500462,3.389326843773171
location_2,J2,67,22,9.052083576046254,2.982457987055127,7.637468671882143,2,14.045091225824034,2,0.005510440235525937,16.20581526138872,57.029162162267035,3.5107370827145656,186.7692722946629,5.692744974207041
location_2,J2,68,44,5.996396898799228,8.62559249784095,7.720619880324344,4,26.676011032621098,1,0.656938961900144,0.5920165748454376,29.094316511942235,68.31918502525338,164.24752018982218,6.886164462864295
location_2,J2,69,31,32.409113926474134,5.86277321520618,6.645907440712826,2,17.53933793363592,3,0.7863189771806526,3.070272115099757,48.875559509209175,72.33816185079431,109.18906118958454,5.4392552760857225
location_2,J2,70,21,21.32856998505972,3.486651977183677,8.76261938250313,4,4.338646772236157,1,0.7486557209831396,8.25793233816643,35.34590154757749,2.6389331713351116,190.4219582794804,5.387356565980075
location_2,J2,71,5,33.18290659184303,8.488330256044101,1.876120792108017,3,17.2629844349913,0,0.6813303587402346,3.2197572262683827,27.635804919270036,96.6737743843486,106.94163488331867,4.4235351902665965
location_2,J2,72,23,1.3977690114721941,8.048784485542388,0.293462669194976,0,2.9653785563071313,3,0.04392826228233493,3.4575706745744816,27.591880809834663,50.0767659479403,183.05330394790823,7.38010581848105
location_2,J2,73,8,21.17749084076986,9.983548770992694,5.534504296698862,0,26.914376153458363,0,0.3553426161530129,17.85423035839362,18.034452368291017,88.10947001037039,24.226746525511402,6.928254136952965
location_2,J2,74,6,33.51194707218049,8.473076883337349,4.716640662049491,0,0.5264628062391974,3,0.19157101348646732,13.24348468572901,51.07940627292523,23.556720050497482,151.63669397877558,7.470883669371051
location_2,J2,75,11,31.851851923438172,4.144565348056797,3.00557205529858,4,4.628333329740107,2,0.5321630482223538,2.547611855988614,35.20338702191828,13.797893874112432,173.74163302239643,7.4335347831930605
location_2,J2,76,34,43.09034037195448,1.2749888176998847,9.565715558589277,3,2.9437057635276154,1,0.5006920990205621,5.671154302052077,17.168856239796252,31.342052273491316,38.170000832830794,6.748628590929638
location_2,J2,77,23,40.050684607922335,8.406409082004778,2.711856325092864,4,5.958502502533424,1,0.2223734692328101,11.070839189336033,3.2698893325297584,19.1202197017449,120.80538667190194,4.059472231886101
location_2,J2,78,37,20.174259908868304,0.5975791796039398,7.598222111880885,2,29.802156624682407,0,0.9596583803377433,11.584835027744571,38.07364007251891,52.48011997585795,97.19007539501456,1.370556678068784
location_2,J2,79,41,8.90329431278592,3.5027120734485417,9.72933617280214,1,16.586572814454897,3,0.878594237524952,10.133776878296413,6.908271010585912,81.87390843472899,70.6427534117601,1.0118545740221099
location_2,J2,80,44,30.73682482683116,9.197379807712737,3.703742686916093,0,10.687595326136982,2,0.5786776243621785,17.928842384565115,57.204320790200896,33.463513117034594,34.02522012621725,2.718831109073
location_2,J2,81,11,39.83525009731098,9.607664734451006,2.9317645218241637,1,7.926127926725183,2,0.08964247609873699,8.422215177761617,15.6731371622053,40.60373025327685,90.8772596199876,3.545487331451045
location_2,J2,82,33,10.858353206612097,6.405645935212184,6.95891552714483,1,29.65219024739462,2,0.16390990010976536,7.317842907138681,44.60041353891988,42.45054793568499,161.39025751426675,2.5387899122886903
location_2,J2,83,45,29.30816968636194,6.886483169837136,3.392208183866442,1,24.064438619633858,3,0.16761351634372645,15.868031740264662,27.72818434726405,25.694118517080856,137.29395198687752,1.1683074222384058
location_2,J2,84,8,7.668722379864057,0.4245448872552249,3.301561479407905,0,13.490832909279263,0,0.766004742345731,2.116636452650529,46.072809270739135,25.656839568874158,45.311241794773395,0.45440672524191317
location_2,J2,85,24,39.6277583665223,5.144803410895479,7.733322203698869,0,28.17391515199379,3,0.716023920883577,17.243325340840546,30.4826603318992,46.109400030335735,193.02326498389397,0.4552521610703633
location_2,J2,86,35,27.93654954032445,5.468681788063412,3.306170713112795,3,13.273066004965866,3,0.4549042727134398,17.439367923002926,26.896928813666726,1.434914774035012,122.29706478329392,1.9765212915084556
location_2,J2,87,13,26.605509898531654,3.401007461241111,1.611345605346407,3,2.1522397876340915,0,0.49863935274004045,11.824405708147637,43.877568552181195,84.64261639788647,11.635280475342281,1.7007165237308768
location_2,J2,88,48,17.69031153898814,0.6859683475388434,9.860586498737227,0,22.938990328765502,1,0.628810459066293,1.9832130386720337,52.88522783378049,56.6002619931852,135.13784252659406,2.452565781946066
location_2,J2,89,43,39.76264061120935,2.2890759972439403,3.897864227871187,4,9.126020275406075,0,0.11666521654074569,0.8576896396763245,23.019719239775014,97.81124216617673,109.94204977445115,1.5360676596601388
location_2,J2,90,4,3.4388923841921883,3.5798393686119634,0.1077776350569315,2,0.89743634026622,2,0.3125627484571776,4.168280284042167,55.68610634827094,65.2012859668614,100.87726471122215,1.45869691218151
location_2,J2,91,17,15.893642364959366,4.3514198651632965,6.141750023638414,1,13.526855975216955,0,0.6566050997098815,7.4768113851842415,47.1039827470297,41.5394957509527,101.65427500923927,1.370535785664849
location_2,J2,92,42,35.59096062476862,5.909267255335692,0.5265921329126599,2,23.79086001585335,0,0.35149555619001727,14.673479704387578,56.08239482942831,11.617075423592127,121.83016340949904,0.8777950557623407
location_2,J2,93,40,47.64683972805098,7.223915186982364,2.8834863387833454,4,11.963628288657455,0,0.7993056417265596,4.067132481391955,34.20281268556606,74.57637340963282,70.60727808950182,2.7673910600959397
location_2,J2,94,19,42.12301059640817,3.1763187327394613,9.1602336963347,4,20.482660533325095,1,0.4346325243910505,6.751627506577432,36.54984316978961,77.59584418813597,15.229032440306046,1.608336215350707
location_2,J2,95,4,16.611865783140665,3.2895375991898312,5.268936733782472,3,17.077987231193816,0,0.1362923350976436,13.7258212074216,36.12453133168788,59.04214750302634,109.17072704927963,1.078054157970647
location_2,J2,96,29,25.514350879623144,0.19691642723703717,1.3872702474294074,3,4.623515081319594,0,0.35568555886258413,16.41450280136246,30.215864732534527,52.08242721052877,199.43592173168338,0.8362040294383097
location_2,J2,97,45,40.177264745632904,0.40874860094018306,4.716930698756318,0,25.824893824714675,0,0.531967344073168,16.48209552126391,10.66299503497546,46.49221686976623,121.81586320714335,0.0
location_2,J2,98,45,31.341334341751637,2.578216943085364,2.5397189765420736,0,28.39246526723156,1,0.15472331893535762,19.606440680743308,6.950959607629466,57.29957570120992,150.01492216361652,0.0
location_2,J2,99,46,15.31345475838743,7.402449976749566,8.360175827727112,0,6.191190355728717,2,0.20429239350918693,4.534105254265697,59.90664266623564,84.51904356476963,130.10759548722478,0.04340795689825194
location_2,J2,100,17,6.2370093904681845,6.283138303739122,4.617576297529471,1,25.762497319311457,1,0.13420494747630474,1.822728122586137,5.578720254400807,90.42874658222364,89.87383559221543,0.39713622020100803
location_2,J2,101,28,1.5481217182539753,7.6978902067783475,6.224848742605995,4,5.952202432466979,1,0.9711547444778027,5.293121522422249,51.98718555736569,36.467959204054814,50.72147581300126,1.4023573141809729
location_2,J2,102,8,43.98612041498371,7.689194362148218,1.557625765734173,4,11.584151395494771,0,0.30222807236545257,14.244166280500007,6.164057997919388,29.916649395609607,110.59306493534915,1.1455124366650624
location_2,J2,103,7,6.274424861820515,8.565674676693012,3.5751960744092792,1,15.65346197094646,3,0.63250897428825,10.292510720172626,8.263490746678537,64.90695977908352,171.20699938676125,1.9284231029387215
location_2,J2,104,2,24.381253031522064,7.203192659868836,2.018381334111935,0,9.698715829273745,0,0.3056953793966788,13.885829744527483,1.3210787331990148,73.40756777304887,171.59571580022418,4.682641665006507
location_2,J2,105,31,0.16006992546092613,9.790109190008229,8.403846716766726,4,0.15155610015262,3,0.7253684549023517,14.467472414267968,47.83567619316487,11.434099796227247,193.0766945596227,5.410063956375034
location_2,J2,106,14,14.879268737559004,8.988252193018173,1.5280763544988518,1,8.681182709409105,1,0.32741140405268243,14.068608467168538,20.118204588573278,10.49907393054552,78.53846137646478,7.664685451400343
location_2,J2,107,27,48.320709959796346,5.867171662232343,9.225922138860284,0,14.920893506798684,1,0.3670956983622876,17.645428447911037,46.408710179160984,76.72351501992071,101.36774991133686,7.9148000460352845
location_2,J2,108,4,48.20255844228004,5.881576704911717,7.709400866027316,0,22.25720166955588,2,0.1978721585848523,2.437583512982655,55.90658708380763,99.99489702149168,53.977764112877026,8.771057459594974
location_2,J2,109,0,8.249446961908436,0.34267040352229494,4.576847759296237,4,7.443951152601676,1,0.8463315580765877,4.5696331134716095,43.827364044508805,91.85266283960603,56.283222842878075,6.345110948027833
location_2,J2,110,42,20.032870584492724,9.985265777083542,2.902266451589226,3,0.9493728223107023,3,0.3885892096203356,8.953565819199646,45.13264952995427,94.99142669470028,163.41139675884253,7.048494920014458
location_2,J2,111,30,23.753006498746554,1.3157599736614178,7.1931656823643415,3,10.964205759779805,0,0.28282535280750765,13.921159187168762,11.928603257584351,28.87899368557524,17.37713416045421,6.389454061984717
location_2,J2,112,24,41.26513087745459,7.403471966315919,2.439377895112994,4,17.741019653469383,2,0.8010420278257667,0.7406053121003353,4.427218987284858,57.84515481629376,79.42239819921333,5.622618139321993
location_2,J2,113,36,4.438865151100857,8.21015195124309,3.9973185778365936,1,3.838586874957911,2,0.942435620587473,14.709675960508955,7.415625208872935,57.60767658404541,56.846545768097755,4.776505724668735
location_2,J2,114,7,48.55245825554643,3.730545293052032,9.304672003594456,1,13.139373873290415,2,0.9200563053473798,8.315750260938275,53.6054492181999,45.8274300402702,156.35620771399192,2.3842135780652827
location_2,J2,115,25,32.42341790244597,1.9685205466531375,9.621707754778747,1,11.4359231095492,3,0.3688491939140621,9.480051708438246,25.708929269354066,11.645228109244144,49.55929114503774,4.5660690787809095
location_2,J2,116,40,29.05086987577659,0.9875988679055503,9.933941374263746,0,25.721641719706476,3,0.8228617546702076,19.0326529396731,7.66704215115335,61.89901451361207,29.649624111574212,2.570694213120859
location_2,J2,117,40,18.34747328945007,7.486060058295778,2.5295711499923925,4,16.93941642929576,1,0.8463126730447005,4.811097896768706,39.56507004578248,17.47575028968267,116.3713232314406,5.327330699730547
location_2,J2,118,20,28.56902884389976,4.526535292056957,3.849386398471556,3,19.808727556793336,3,0.7470995895037185,7.327780754100932,27.51583672017031,87.27971506701458,36.094108431794034,4.505971628092729
location_2,J2,119,21,40.244701343543305,7.1371775900113565,9.585859103625783,3,2.4532553462269826,1,0.6899740767401576,13.476051410435538,52.51691556803567,43.299617691515515,189.40068041400596,3.606912572793422
location_2,J3,0,42,2.0075166300905223,7.78230254832663,7.3167438728134515,1,17.71583389616966,3,0.9282083943293762,3.364465091651405,22.490432202811533,72.90155103364921,52.184801695520356,5.0
location_2,J3,1,34,20.117037891472588,2.7422426542406653,6.383377074253918,1,27.32950059487519,2,0.9994264331840583,14.603875124246073,5.230139758940617,32.9888139303105,104.33883490196419,5.485934139601738
location_2,J3,2,32,0.6918125586487411,2.893419216392229,9.674940497015918,1,4.671023104346002,2,0.7067532236672456,4.307768931031166,35.18195674236734,68.93653106130019,51.26503855919504,5.785664490098039
location_2,J3,3,7,49.215086383527826,3.9857764449540642,4.169672019956985,3,11.032404270919125,3,0.019240441294699595,15.410776843231776,13.283529370876924,11.343235421223707,50.66676525856955,5.685782814676715
location_2,J3,4,11,13.253001491384541,9.708472648043415,0.8901015062020712,0,28.673461607280533,1,0.9063729869415142,14.908440998772468,6.523113084910836,53.51506333593106,15.864429537081426,7.394124934526296
location_2,J3,5,29,24.704626399409126,0.23410232647960494,8.602812365183045,3,22.614398399271014,0,0.48509684543129095,12.968274044836566,44.12456160155152,73.78812839173014,0.3475653569344761,8.157254045291848
location_2,J3,6,3,33.24526152151094,0.8029435501699689,1.6851253108082298,0,11.48969107103151,2,0.3060579219477887,12.056430811743713,58.60266597852913,4.311824505924189,78.8415781291266,6.768064936835227
location_2,J3,7,46,0.09810722986910991,4.349362366535506,2.8533602462541374,3,27.055235094002242,0,0.3479193396418635,0.5344223863639241,57.22835154134351,20.408058652464433,48.5163543824989,3.839767883914968
location_2,J3,8,40,4.895939939537075,5.966833055629758,5.012363117860135,4,17.857995767587592,1,0.20882662478373437,13.64859146735226,46.101668645857956,32.07605619149588,111.84188028620771,3.3668691575617085
location_2,J3,9,38,8.017657269024408,9.401405978055166,9.641009397724625,1,0.640241499170151,3,0.1895738658444951,9.675470926192888,9.951219220550263,1.0180822383938692,47.57503451504055,0.8819961338850644
location_2,J3,10,13,16.982417341742938,7.944310838609182,0.8831082199890272,3,2.9802921640369986,1,0.9879976996098128,12.284486632533714,19.359777899098297,69.13108812107947,99.13998453660102,1.7513101157050224
location_2,J3,11,39,44.241458139013965,0.3817380261265346,7.205515754770517,4,16.870171525804324,2,0.8226302461820598,2.0037022221605416,40.21490238573634,22.098103438623173,67.07034572270565,1.6010800313608051
location_2,J3,12,27,2.1898882052245607,0.9713852334768125,8.575064636273748,4,9.490061787167027,2,0.1643770110365107,0.018258390817391668,21.808029098567392,54.531399422488136,83.39269088477872,5.576353264858157
location_2,J3,13,0,0.40936443148679724,1.5436344694193416,1.7483656324410912,0,0.8830571118408359,0,0.8459838734615371,18.32486089042578,35.2293908307902,19.165313471828092,82.06430123071814,4.104312805879108
location_2,J3,14,25,43.63009633768032,7.966006088977517,2.260976062274179,1,9.316251575931418,3,0.7284654948930182,6.72701310593852,45.92753821994457,95.39157073856089,74.70756143051686,4.747043559965857
location_2,J3,15,11,2.0284056945906013,3.3076498919006205,9.685986108727517,2,26.513904639987295,3,0.5425058428622357,5.271552849004378,38.956159559230656,55.442872739241146,143.43704805962122,3.4122695884202843
location_2,J3,16,4,49.10294396654288,7.989336982413939,7.256245375587448,1,24.32089038004367,0,0.6713966767634144,16.51562670964913,17.803908476328974,14.682032519070198,169.3429050745718,2.366303337345717
location_2,J3,17,42,30.368241086332116,0.04703256227400421,9.4168310582509,4,13.754734865494473,2,0.6266134356038866,1.8185185964076078,46.928121805464954,25.674240814905723,107.75037168873132,2.3399419534546975
location_2,J3,18,12,45.032343561960516,5.60704814401895,7.705965824125336,3,21.665991979567277,1,0.3024312445516868,14.872854477545403,26.226422333435618,41.878848478549024,4.097319053986892,1.531386713043918
location_2,J3,19,5,43.01915399208034,6.2943969736740515,8.035044982271469,0,16.625962709589686,1,0.02699029143169318,6.229299187817652,28.467196333087998,90.97412679862697,76.92596320110788,1.8672927266176569
location_2,J3,20,20,17.772548113447783,5.164821615867807,7.463145473204128,4,19.959323076158675,2,0.18219764492303292,2.513288906275848,32.64426802133357,69.737082571725,190.99760963250637,2.009070775386016
location_2,J3,21,15,8.842629323362129,8.214864542445518,3.2561195281039392,1,16.980713313459095,1,0.9333657948696236,15.674027034967784,0.6268412692735748,45.02904662184763,85.0139361227716,0.0
location_2,J3,22,35,14.08767315304078,3.7587694687775364,6.828468612417399,0,5.613130272998783,2,0.46940700625623233,1.5930678637151607,24.3919923419126,79.1515740166892,25.851523880319217,0.0
location_2,J3,23,43,37.790414387851435,6.079368028977137,2.2567745243280193,3,16.455100184330984,0,0.8344984319735175,3.748895072727103,0.28610266585619826,30.11878083654256,184.09742376745436,1.3292263659736776
location_2,J3,24,13,25.173941905895568,1.1507740595516236,4.0722984435770435,3,23.669847241611798,0,0.12242659573336778,18.64970368517364,45.737762805117065,95.52030150978979,110.72670592930027,1.4241629679309258
location_2,J3,25,23,11.845511261228548,7.665007676305846,9.2365185938699,4,21.019966497605925,3,0.24375179333158525,16.34704233131878,46.1127382605817,42.71068084560682,2.7563809249165017,2.3449032773356384
location_2,J3,26,49,14.646917258400832,1.2673367578495753,6.8837571778463325,4,23.201956172558663,3,0.044549429654434536,19.96686374808711,48.08430308241569,61.269665300529255,153.70008472579514,1.312414520069288
location_2,J3,27,32,32.3219446198624,7.568210096312113,1.8609273130910209,1,29.286041464001222,1,0.46267310507961357,3.9940785639806475,22.085034133217466,54.14662556089532,126.58342245531591,1.4717613757641663
location_2,J3,28,8,44.356724981737436,3.1716655708029196,5.288354683386266,1,27.28673705363477,1,0.9417294130750535,4.798167461489557,37.64241478728076,60.35445704473369,144.33890072870793,3.3420027097677627
location_2,J3,29,29,46.17209667439964,0.1464589114704462,0.12210519663421904,0,28.681284301571075,2,0.4288980925565181,14.259933927099713,33.969601022007495,11.990356732862285,143.59024134140648,1.4704333099507028
location_2,J3,30,13,15.007768987014197,4.49031209190413,3.4419812680714914,3,13.765493461373266,0,0.2708401836810589,9.817592972222416,11.507442930404219,22.962485397195074,185.24566717810092,1.5936697729709106
location_2,J3,31,20,1.2261324631466453,7.155915387250281,4.316172502868561,1,6.831407704768939,3,0.8054577085938486,5.271058911535715,10.425154643494254,43.989904816844316,50.31986108632998,1.4558561803739374
location_2,J3,32,8,6.739894736153213,9.011857362519038,7.950350443033543,1,5.795989106435427,1,0.2786720513102364,6.499442127352029,20.43525598245631,69.63676936065396,48.052440230254504,2.6500508010010417
location_2,J3,33,36,22.178261271197908,7.62539623486645,1.1430504853390577,2,3.1535468838842107,0,0.6799622373862481,3.6959514489848444,27.872694355845617,83.74008594608217,19.354083501259534,4.96726922897333
location_2,J3,34,29,7.250779471355595,5.493319970397181,6.973814656840917,1,7.503033293197089,2,0.7843525914199828,6.607172235894437,26.17407409108629,86.06625222254391,2.6738272599397206,3.190024423403451
location_2,J3,35,41,48.53555175133311,3.5687010796735805,4.582199276536752,4,4.2651864213970025,2,0.7288490450131601,18.821708137289352,41.86448874230812,65.73940008219441,186.40876896706226,1.9838700088806385
location_2,J3,36,15,0.8671373403246085,5.583053639174552,0.17289652741196648,1,20.545716278245845,1,0.12542188091555395,12.209243041671185,14.421114625172404,33.67213424605472,81.76631607686826,3.8830034533501
location_2,J3,37,33,27.799399183352886,8.85022254938579,5.741503087711665,2,7.72399434240824,3,0.6860447735939725,2.763179946575849,59.438044784282944,85.20240590764485,94.52489134572338,6.968475429196931
location_2,J3,38,25,25.980683888231333,8.623791179037209,6.6058213882080805,4,18.030805374425366,1,0.09410500407840094,7.552421852715736,10.025351310591905,24.20439000235356,40.16485530763616,11.201418065656274
location_2,J3,39,10,0.9496494254959353,0.09687626994602683,9.63967602008444,1,20.84637121541161,3,0.6820538403617592,5.377761001957531,6.406055555305789,83.03036859749949,39.58152058286484,8.478501562727924
location_2,J3,40,45,48.23204392824562,6.735249529904653,7.770260179680417,1,19.65813741968304,2,0.02101545945912997,18.703668669563832,10.734925636116046,85.43425990399031,146.68291093879412,10.430632659340324
location_2,J3,41,21,22.461714240539365,1.5313172747293669,8.67423061801781,0,29.197665829801345,0,0.4382812327828012,1.923105086029766,21.638099619108058,84.12800663481076,194.60924845364565,7.939934312109329
location_2,J3,42,42,40.22622934066817,8.037629300625152,0.26722143184462865,4,24.935644758202503,2,0.8630366979255214,3.891296651629099,55.3034288008904,51.08644317269814,57.45045763108359,7.428704051228381
location_2,J3,43,6,47.2612360790194,8.450128571208195,8.982288010160042,4,18.61089306227846,3,0.40454228688038174,10.718066652825616,54.26383148394188,29.487926714121706,61.77282913379747,4.771657481552862
location_2,J3,44,11,39.035116324272586,8.63507663439217,7.264673724462759,2,4.341817465277381,1,0.36241295769356896,7.835854258959181,4.760908920677158,88.61921011113985,4.203968334182084,4.425839924101657
location_2,J3,45,35,0.09097473902646147,2.9059344838531675,8.299173651954892,1,18.68966544492292,2,0.47062319994480306,18.403869772817295,1.7468278699628637,11.528118273788834,75.20346699430063,3.50514472810843
location_2,J3,46,0,4.394394098253596,6.495107310236864,5.668726793505451,4,13.123376286000433,0,0.9293998221452582,16.477644194062584,14.905823253228498,8.966292611132298,190.03849364318407,3.3286938634581813
location_2,J3,47,20,20.7085793370362,0.9649519457358313,5.538047735443507,2,4.360009839901996,3,0.47585919813687805,6.116670936795345,20.738208700998143,98.927748235154,132.30623205744405,4.598165321277118
location_2,J3,48,29,40.42980853350768,9.74428049114032,6.881138813839268,4,25.938408152573846,1,0.6050368756235982,12.822486531751489,37.22526627845226,53.342793950465826,151.54942508548262,4.422103702513962
location_2,J3,49,21,19.43577173174856,4.0942133081266805,0.7082273365147074,1,6.2763147336578236,1,0.2150116790459683,14.45089076839799,25.578512724004575,32.86974437041885,83.55105552145112,5.795960031125721
location_2,J3,50,40,12.477087372142048,5.45016066477277,2.274702082086888,1,2.2451585109999983,1,0.7315013568444494,6.853097106355063,7.341914041301878,59.35997813267829,35.92963502348454,5.448889627408339
location_2,J3,51,49,22.86997369054412,5.0386328867368055,3.028143079578489,0,16.791486659981505,3,0.005205979359825141,15.865813050281721,20.141266707749644,67.97156909555699,6.534634341386569,5.108622785464748
location_2,J3,52,48,0.9805250659551512,6.359679703312296,8.163455351451152,0,8.311984881783346,0,0.04866731114905576,15.5164239697195,2.0972021925290085,65.47179840996816,19.14164994632501,6.1744353294288
location_2,J3,53,19,47.08411667031412,0.7815811932214112,3.951838267867882,4,10.0525722803733,1,0.39166700836816926,19.14789065009511,28.669558716692777,97.54093426257522,189.18404779204408,2.1794242806411868
location_2,J3,54,34,48.962168698901344,0.8992884027158254,8.498176287600632,4,19.3654888660476,2,0.2941513523211804,3.9505001275342,31.672315232767986,67.15157252329823,148.35772702474011,1.7580643000411174
location_2,J3,55,39,33.977096727448696,0.777490818105081,8.253688472219542,3,16.588869520764717,2,0.8648867795992982,0.225801646725734,37.4498484581452,63.53954996027262,198.21784587254314,1.2770294436948795
location_2,J3,56,22,6.096649370994794,1.8406569662204075,6.300171925284673,2,7.9212592445012,2,0.39415426604133086,12.14813113423716,12.94880193979778,86.14762028764001,160.86658362409324,0.02216852189638746
location_2,J3,57,26,42.11846628790908,4.027072139677829,8.252105694455885,1,13.736063560279328,2,0.7629538660160151,19.302859763142777,52.70160744780847,63.329920913558325,19.216602048542498,0.08225577046676613
location_2,J3,58,34,8.015260851271645,3.9676676265497934,8.058308258054888,4,25.011155620159673,2,0.2975187794543661,0.9480194927079344,59.742761033538336,69.11288860821325,103.91728817147143,1.0197901754452805
location_2,J3,59,31,33.124340030596684,3.1137542661392317,1.7326495367589456,3,17.426433757177204,1,0.3369613267738214,8.952806852497568,23.468142727400792,5.202981200504242,140.9147434567239,2.411909404452187
location_2,J3,60,22,3.7407162324115895,7.6823624275754065,5.90799840377505,4,8.017413361217772,2,0.41968263143719775,13.069828235940676,56.68134259154808,66.34571998860078,105.03194599859975,2.9180209716270475
location_2,J3,61,21,30.868685284834235,8.444813005682732,8.126261418839864,3,4.653242794819313,3,0.983595533149295,12.710645190849245,33.7655663327215,45.13634919889683,128.5304057344078,4.060934643598858
location_2,J3,62,8,43.89702549402163,0.9329896393119874,8.240772244494227,4,10.624830959131575,0,0.5567194419749216,4.700271240709382,7.181111803338416,78.16131001833894,42.316275021536384,2.0039775549095795
location_2,J3,63,17,14.731189804560074,1.2874413737493262,5.914170236385018,1,14.767834989671467,1,0.649064242840353,0.5174571097376823,34.59378246169777,37.6472211684434,151.5472344999125,0.05101694645478
location_2,J3,64,47,41.07890922423904,0.1828524693870448,2.0681469203299976,1,18.254107955215247,1,0.473688733136844,4.478456043937182,35.01938767332655,22.0853057378828,101.77078825623276,0.26560295856438404
location_2,J3,65,7,10.89801038204017,1.3603825089447075,2.276689383929903,0,24.361703545463865,0,0.8102809438971414,15.829768573011368,32.90419819880949,30.740069317825856,131.56483843390646,0.9430210977946143
location_2,J3,66,49,38.68256545393625,3.637027247938308,8.458886469133242,4,16.43768853230419,2,0.4496468988194058,0.5522808992661088,17.950813167795747,6.36977185007408,87.55704977195063,1.0092908670732363
location_2,J3,67,9,4.398040323258195,6.099915258401463,8.821568911934838,2,5.6402391533122485,0,0.5955529299611758,18.715407228870504,4.903628951451033,73.20157554918997,136.544668884767,0.0
location_2,J3,68,47,6.1994454163655845,4.795848401942312,3.4758336321601746,1,9.373212381195996,0,0.6009327870197562,6.3198031208088885,46.12415213848628,9.067076824664133,64.95717154752572,2.703263415179154
location_2,J3,69,21,30.146605523876502,9.723976921507035,1.1951561836705538,0,9.2766438862361,2,0.8156665573259463,17.179730336452412,39.42577352993154,51.95201432324199,125.69402567661403,4.643491793470811
location_2,J3,70,2,9.395492765662306,0.10327919681390241,1.522379385630518,1,27.510164349071758,1,0.49236554071343774,10.33431218643091,6.885757002350119,10.777613604762736,66.75668097894058,4.665573179894227
location_2,J3,71,24,8.20774126830407,6.777751382291619,8.583167158012863,3,24.94675293117122,3,0.3317031415409445,9.284846250139516,8.162159659714677,78.1003060356188,106.61914644413393,4.620049615872996
location_2,J3,72,27,42.867712856052165,1.780851713246544,2.3645571315893896,0,4.378944270340454,2,0.038622770027903375,2.342357350574309,37.69949895510445,41.45466172444473,169.78512575246677,1.2559010586671155
location_2,J3,73,10,32.342685941328114,4.278757110956484,8.604104720561631,3,16.356035914950276,3,0.24498961979555156,16.5222732038205,35.80808854497514,75.40524075873527,96.01068279130847,3.498961681092753
location_2,J3,74,5,8.745765242846309,7.297901578615845,7.206425469169075,1,4.871230372409102,3,0.4572891110790437,2.6532391102506403,2.232662178528091,99.3377993689905,54.87365801752626,5.6559643616011686
location_2,J3,75,24,27.279752679853264,0.5771898100505468,9.446898959801747,0,2.732091551164002,3,0.0008126104838837023,16.01016812305567,53.28759988557866,98.22770146703465,3.910360384235667,4.053493367372348
location_2,J3,76,25,18.112941036610845,0.8250346549422494,5.581380068713328,2,1.2103805795501943,2,0.06932612529770565,11.863252380423537,57.9123801185227,47.0523328049325,75.55173841933849,3.1571304098181647
location_2,J3,77,21,12.087525795471821,7.643551384641847,1.8777029710908766,3,16.485271927692867,2,0.3496393671192708,8.697472587332058,49.800176817608275,93.28061824822223,61.66768689324651,1.4117682938713167
location_2,J3,78,5,5.293734874469108,4.065747351929873,8.881161738426712,1,11.372044313463828,1,0.2710984167591699,11.663371122120875,19.777270847748902,38.07747900123793,178.68427814126332,0.11409913709447295
location_2,J3,79,28,43.23204192284092,8.8470372668934,6.160540494372189,1,6.290764341644653,1,0.811244836951103,8.517365492599048,16.79792784528731,21.57910684479345,50.464610277339794,1.1173336150872057
location_2,J3,80,2,33.02595526603703,4.641108632174177,5.597646005643659,2,24.834391991439915,2,0.44750964562218287,6.229001931059277,43.71484258090663,60.770481326046756,68.44826164092252,0.4674959466774906
location_2,J3,81,49,5.51685624365012,6.87239737790375,9.233264109379531,0,18.77132719557776,1,0.17570897366738625,2.3131555400974335,34.852608748779176,43.913527383279735,163.37997047342833,0.2782945078134029
location_2,J3,82,30,13.332180969475333,7.306482721853726,0.1411219378059636,2,20.629274519036496,0,0.24206083474245776,19.07916396966144,9.86081030400834,25.326145865964435,173.5419936953985,3.077085528955858
location_2,J3,83,18,34.64068813600898,5.024062417612022,0.5122840398223982,3,10.362171346298204,3,0.08579703513243586,15.972374932489892,57.67022651299174,49.206961915489345,113.63067002520756,1.9165378614624533
location_2,J3,84,37,48.7465099493887,8.738809948951932,3.1483801193282943,3,14.246025003088263,0,0.6242543973237392,3.253830641195641,34.885183245513275,42.89595547069,12.680248978451768,2.619504628614269
location_2,J3,85,31,30.32646955379117,6.0903580172258405,6.976368815154709,4,12.76891054394975,0,0.23937852005730664,0.7491029144096206,49.08411990809966,78.70413079949415,38.91130156547236,3.575514984203367
location_2,J3,86,39,12.196560208252361,1.6404459126833792,5.236133347639499,1,18.72900171848036,1,0.18131126202934789,14.36222733858476,56.2612035072328,36.42870890463718,96.65793788984448,5.300998679585454
location_2,J3,87,1,29.991229166301125,4.615684288254296,2.280460981649189,4,6.154511940098012,1,0.6428539475072395,8.62069345613244,6.238925592988586,21.56755661320542,100.08905472761231,1.3245308274415153
location_2,J3,88,45,46.5436734295425,0.5169207063517789,9.234967873426324,4,3.4764527602699857,1,0.2578729229927631,12.138855640364135,38.834063036224876,26.79812518809208,11.721197032298857,0.0
location_2,J3,89,3,7.628057135098077,9.93969263587502,9.050458686392602,0,9.306374282369022,0,0.8439686276120403,10.788515617700227,29.304329951547828,55.62573515833802,143.40359378642816,0.3352019086031852
location_2,J3,90,13,44.39896162419328,0.5720755875071437,8.520970354646211,4,29.217088741272107,3,0.1368509882064114,13.465802512121428,42.014069316950234,75.29397437145141,162.12789312371103,0.0
location_2,J3,91,21,11.848250915558195,2.756612187491032,8.526226082130755,4,12.992503869619332,0,0.6326475367092674,3.518752686689224,47.38556618557516,88.12398878757064,63.734470436305735,0.8010840825732864
location_2,J3,92,8,43.820884894574625,6.741662803737272,0.1537490624975646,3,12.420461543254532,0,0.5808353708987087,9.063965189774265,27.736104503839393,38.48307690594518,48.24725225457207,1.7249783876526013
location_2,J3,93,15,34.30948261011455,2.558955338283301,1.7724986134944942,2,21.06635136617293,0,0.14685613857609436,11.947193785898842,21.730470039118778,25.5602354354846,109.71982106509984,1.4520797764715434
location_2,J3,94,23,16.603717494229354,8.310886361051066,5.1043817613464935,2,15.046074136658117,0,0.7339983398129095,7.714550747208131,13.953971469882866,85.84204014821601,80.34009530403927,0.0
location_2,J3,95,1,16.212762783485633,2.8483268066509746,0.2237618178108325,0,28.2512722813397,0,0.9625743710919205,3.822024012303342,17.0503234362203,93.22198320783205,143.65858126280017,0.5686003029439509
location_2,J3,96,38,26.699393143792964,5.8573008620873,9.709567234917367,1,12.301545641369344,0,0.3730949723873156,11.281341204444232,53.901924774166986,44.93653878465756,45.490421136798,2.916603332365293
location_2,J3,97,31,38.56812955652618,8.124309460339727,1.479332331935591,1,21.412218614514135,1,0.34651960517426783,6.011687890179065,51.67411048690929,84.51637798976483,56.803836796485726,1.1166325746597219
location_2,J3,98,4,21.1830311401027,8.142916778986365,3.4505722474978318,1,21.330127672542986,3,0.97916100621838,8.824774329063185,48.74354315951201,16.836772838981872,159.46070044016074,3.903372694650038
location_2,J3,99,34,14.650677337133654,8.942370546896976,2.883328218439206,3,4.824788048298795,1,0.450324165259097,14.274404271990615,33.99891276661972,4.180088963520168,69.19796133824923,7.6886248336879355
location_2,J3,100,1,46.75791596575138,9.710542068305156,6.36774677228067,1,17.964706463466136,1,0.5639372766283968,13.710139707567821,42.8985797775694,75.58474510997048,66.63002032683292,4.007227751490827
location_2,J3,101,6,5.7376429929232415,7.361258759575571,3.5725625066858315,4,17.75994277763556,0,0.9744515710162046,9.710121818162028,7.817388519795534,1.8584115945188384,23.644277401944834,5.2547076620478155
location_2,J3,102,14,17.316382504292243,5.894141401834623,5.546435845852176,3,24.048627564041436,2,0.1411424490902875,2.897583502770884,45.669913009518424,93.87723100700615,51.378005784800294,5.874342427362016
location_2,J3,103,49,24.82199736680199,8.037993268238086,5.994131178177925,1,19.285722731101213,0,0.29705701886078384,16.89131719476991,27.13327280222488,66.69398595884488,161.58868458452662,5.289023851859865
location_2,J3,104,22,13.337590841762935,2.3364474147743097,6.633352759187632,3,24.023418267147854,3,0.5739384211929056,1.468905706388981,51.58893405138231,56.53585125332101,45.11793347657127,7.816119124952039
location_2,J3,105,28,24.761227885096034,3.9197023313673798,2.30476070159513,2,1.978639791002682,1,0.1932005796914208,5.25647642328924,55.49227252245792,30.41915344530587,105.70014768734764,6.573622928541433
location_2,J3,106,31,20.750151357384116,9.104275683780074,3.3845089816002027,4,4.3274496973762595,1,0.8031130737010135,5.293395588942924,6.743986686499682,33.20230624865821,135.97972491193636,7.772318641078162
location_2,J3,107,39,21.011158022675126,9.895510735996707,8.71381021594737,3,20.190689942488827,1,0.39911222653602896,10.838968819756325,46.496738486538675,96.78570834494661,26.97748951324137,6.097782559754625
location_2,J3,108,26,33.32391531411697,9.66681102786842,0.13057930379738014,0,29.498139565323925,3,0.9062922378810692,0.9107339474153475,5.013271859830928,49.98831181294028,44.42189783434045,5.233281722870607
location_2,J3,109,8,34.1444050776138,3.6865841436019364,6.306675448693907,1,26.524408052842354,0,0.2707358049382129,4.417281346701383,40.64836187810723,10.930888451788546,40.4492729088667,7.35886456499309
location_2,J3,110,35,4.083563254174338,1.7489755608300162,4.468596592284388,2,20.541503233581782,1,0.38144561378471853,18.029906036998632,11.37182580544566,93.054657416206,118.65732892081107,5.8128478488698505
location_2,J3,111,25,33.09176545670262,2.8592192965807794,9.993147050434215,1,22.471094908878985,3,0.10220713215124988,0.23473075293693135,57.94262761792668,60.767157679667314,73.95214549248004,2.3246481850884795
location_2,J3,112,31,5.669128561577619,0.5156198450429272,8.669166269037822,0,28.427165046902523,0,0.8991118801327472,12.232593144791409,28.090595631009492,59.63929785584906,128.2665883998694,4.378384996482157
location_2,J3,113,47,2.1262543762954333,0.07813451793613702,4.325457091579801,1,27.234733214168756,2,0.1892527061979694,14.852897039076971,2.253816773324473,88.63653280941996,133.5885192225983,4.18340299368433
location_2,J3,114,43,13.275386106701003,0.3555199808261622,1.8440104009534442,0,26.753102334519376,2,0.9067745514875638,5.91303092104811,38.994021432199865,42.27221924900907,8.54779860416115,2.150168969776835
location_2,J3,115,35,18.185128291345148,6.715035072621553,0.13726045326379777,4,1.15363532863607,0,0.6281696577304559,10.52992730818599,30.020924589772182,93.6879208489301,176.08547574323833,4.5493967856352056
location_2,J3,116,5,47.03084438202556,1.448560994161584,0.20590478572020676,0,0.24488302339827794,0,0.025476003589438023,16.741587399948813,30.733227239550867,0.44317136328653195,19.634430691289072,2.729009005767491
location_2,J3,117,17,40.027226276528715,4.767701957697326,7.311571458516333,1,11.833038367928989,1,0.043445229423661136,8.560554581505048,29.95091007310173,44.784759633650516,0.8949253423466086,1.4469697367944276
location_2,J3,118,41,5.3894703303995595,4.210176635748138,5.085195678819627,1,15.104058281379562,0,0.21713583938360415,18.901290001532672,24.068980330712236,85.50624738856123,21.360141062298933,2.139725805314727
location_2,J3,119,43,27.165836407391218,9.170919797726969,6.001664731848123,1,9.620664452594625,3,0.6114227359945645,6.57331989557556,1.5423139229728666,63.60184962179287,6.470585210587809,1.4217960540612977
location_2,J4,0,27,49.994864653555716,1.1027994849288891,1.4014000048212238,3,8.268259203897578,2,0.013223039024385264,5.083834470723463,55.171319281331456,30.85952267210589,188.5001176880938,5.0
location_2,J4,1,37,4.906937691480878,1.5876824849159765,7.155425901754682,4,8.387257541575261,3,0.35758880282311245,1.2814174688137125,58.35918307462229,26.885651944860246,83.52496165075736,3.7392316818605185
location_2,J4,2,28,7.686599473264594,1.4327791148182034,6.166895563041491,2,18.535614235207554,2,0.5896365630842033,2.590187525723857,28.762323345511682,60.883628921108915,154.13923782046524,3.8282967232828087
location_2,J4,3,35,35.179942603966516,7.6156294634243205,8.590815047297518,0,29.377631472088453,0,0.02957385115650779,11.085236257308392,58.29185570079278,73.61026993008667,198.51710409945872,6.3160923527186945
location_2,J4,4,36,22.198659614178638,0.934454558835478,0.37834029063630537,1,9.646117917386185,3,0.31684260950695975,13.521355140611988,23.71162323474923,44.84049445863276,171.2358352467612,6.533995116046087
location_2,J4,5,40,9.643557524655611,1.486415913275414,9.053562421036553,3,24.214518808558736,0,0.13014688380874517,18.83416448188242,3.949568946541877,26.178387573145876,167.7635063295985,5.822037048833156
location_2,J4,6,48,26.040569499451475,4.470155689846399,6.5031897860978995,3,17.72994612253075,0,0.5693060331951527,15.047326117528199,41.69710126674407,85.69845569668989,52.773404924539655,7.104794381672498
location_2,J4,7,21,42.112023565336095,1.4008369087914851,6.00809837293495,2,8.277927369080675,0,0.8051491327144351,0.7323834832659415,23.290790938964058,60.73203455652825,84.87281741303883,6.006612076554507
location_2,J4,8,3,3.024559109956254,7.46936027517557,3.786456351515688,1,2.329713807697993,1,0.5947899616760679,7.040330322357063,32.434226763557135,62.06584934285575,97.56397720547743,3.478630373517844
location_2,J4,9,40,36.89967397318987,4.87745850669488,6.892962031094357,1,16.155476934907757,1,0.006573277650610443,1.2104204156554976,2.273255747408267,19.893400432708475,11.256709426734336,5.947966657704728
location_2,J4,10,16,12.245736581166911,8.79643396240148,7.988539235655333,1,10.028443259950702,1,0.8668208805965696,13.214019151543965,46.61242439179554,30.077885471146637,51.46493976472102,7.449002015566171
location_2,J4,11,17,46.59295252083031,0.3811587523794735,8.261167966251318,0,5.317657366509358,1,0.7511297281811021,11.791769327211089,9.748732728889117,31.204206163303816,113.66465305046984,5.979079664046451
location_2,J4,12,31,47.52994266171168,8.551983882808056,0.9161385081875306,2,12.245993021069713,3,0.8535026178683808,15.32823967915605,18.28285048923088,87.25633575295845,12.51133302590861,3.9960090525670324
location_2,J4,13,45,27.113788446293857,1.5381095449142868,9.380264901533298,3,5.3893901237458675,0,0.4837717724502756,6.362127201421764,24.94031138794546,9.312461771485603,2.8547086983369274,4.249857772403119
location_2,J4,14,33,3.905587292691459,9.256347358855043,2.9282457597048817,0,10.61012748878548,3,0.3212627366825419,13.041370035383357,28.327877594243148,5.101303307194649,81.67260063230854,2.5177688567664083
location_2,J4,15,48,39.35819192386802,3.2604110947529517,0.9100696267324526,1,1.3128980210791041,0,0.37079440882134285,18.374288589156368,24.27150861560876,74.13994912071715,31.362604178561693,2.8223577284553505
location_2,J4,16,49,28.209793006529644,5.107830381944564,8.134630068483348,1,5.556249363948278,0,0.22996724673665703,7.630682213165194,3.430967279168624,62.41812798877413,186.9519828672438,2.388728830361542
location_2,J4,17,37,38.672943402734056,0.23694076380668339,3.195133253773692,3,11.063567816360822,0,0.6400455455225241,13.325456647457688,38.282508501339,18.9613969338456,41.66211730766458,1.5230109458935133
location_2,J4,18,24,3.995385294032805,7.291389103622584,9.799539335023947,3,3.12679249034004,0,0.5640695204012681,9.422820818352378,24.15090581970007,53.626287009756744,29.915696077542144,3.9401987675583228
location_2,J4,19,30,28.711050716325353,2.13771285424862,0.027060494748132324,4,24.656866999846063,3,0.2051203263971888,4.72247853812765,3.883413370185693,66.97339446911742,38.902845811879395,4.7151971681826215
location_2,J4,20,40,29.117563649461363,9.166167425100259,9.936245090735015,0,16.73017845321686,0,0.7425622253025,14.602199444501231,18.779446666607864,88.41752408568262,28.15298327345872,4.063650723817087
location_2,J4,21,35,12.777977673811536,6.617870457098052,3.047904407913916,1,24.113451539878625,1,0.0779966370611127,15.179377176655176,49.04547051305611,28.220144131343083,51.03121048122796,1.881391411065716
location_2,J4,22,35,18.38367372522382,2.8361914553097165,1.616179757402767,2,24.350882133945927,0,0.8127524228070271,17.657667845356514,40.005735748114056,28.813046394806253,174.64902366835017,0.1656757338730589
location_2,J4,23,41,9.19477128677338,2.609085892286507,4.114165688648619,3,28.8500657382841,1,0.223618101550344,19.755256951179692,2.4987168021263395,94.58516999671362,167.63838490319216,0.0
location_2,J4,24,17,8.255798420582956,1.7047921327901827,9.381122486966124,1,10.523955840271903,3,0.9624825097357574,10.481017231159742,23.04442375870596,16.247550340774552,144.2178632742788,1.6859454918410601
location_2,J4,25,25,42.34946452934028,8.018705034394568,5.088380966332691,0,6.611463847711275,3,0.5651391152090528,2.88882215160839,12.422724248449777,15.37246750386797,38.1942493000569,2.793242594759351
location_2,J4,26,16,37.241247745789636,4.384767489946366,0.21277337360341098,4,3.584169172886771,1,0.36130004377240055,19.84763172922649,39.4178022453147,25.10700731386869,106.57321174093306,6.175380814850949
location_2,J4,27,40,34.727040210840585,2.7694561143975127,3.5088332256415287,1,17.982164061610725,3,0.015228865370231603,15.557605065141901,43.721992541666474,48.50258924995971,61.19295118078685,7.712882462083944
location_2,J4,28,0,14.388681905004564,9.528195121200644,7.392013752557319,4,0.8869422037861807,3,0.5140876212767186,14.112426937771277,49.47211732160958,72.72559456368087,19.836652946565824,6.606819383558699
location_2,J4,29,23,47.43194800071422,8.02240832233182,9.107665676026114,0,22.278232137348336,3,0.9181717313376463,11.585151894349863,22.183314465913845,80.04067053549497,184.90082152045517,5.678696029184178
location_2,J4,30,28,48.413565468379694,5.863030105015548,5.932000191454627,1,12.61578484242042,0,0.9940226337787033,7.911544731388225,49.5507386632451,43.3878609208738,139.09255295182504,9.417875193035444
location_2,J4,31,19,11.05002533297506,8.024486556923616,2.354276183604621,0,20.78752657050255,2,0.882645146812897,5.449858784286419,5.359222769150382,80.95792603387915,71.85953314122588,7.760143305376572
location_2,J4,32,9,14.881208983206912,1.2012674395756762,0.6859959090399603,2,10.621978692456192,1,0.7629273380216685,2.2325659971252265,8.620862517252304,27.85103008781139,57.60536586706102,7.918296365895621
location_2,J4,33,33,39.92680564198034,6.721637765313696,5.723169563609036,1,8.657660365801398,2,0.07636090809269447,6.964996269325399,32.435589902444804,28.587488464684796,151.94379372601676,7.539966192690788
location_2,J4,34,30,32.48954283542154,3.2415157494616786,5.355501320419,4,27.510987857583583,1,0.20099158381562332,12.462965849045894,6.486765102273003,2.899486998162648,72.07011153037305,8.886853065467752
location_2,J4,35,39,34.56992979841282,6.875089728299585,2.718894466211672,2,20.887447688079284,2,0.9750536418420233,1.3305461717394462,52.06267590904894,31.589238074887348,58.619123881672806,8.350526416761584
location_2,J4,36,34,28.257366930156742,9.616571294304682,0.9774871319355161,0,13.412474950906386,3,0.11901354720833301,2.262001120276733,54.66151876985442,59.808731745244216,50.031744440427794,8.035481521372866
location_2,J4,37,9,3.612386262484418,7.803595907073238,7.885115455448847,0,23.352088032135022,2,0.9479547867659396,16.673715173561362,0.16841711207750576,10.566902670721968,92.90829682561188,7.06910405451278
location_2,J4,38,15,42.28698170790647,5.655588372489639,5.824735736023769,2,9.239493220270008,1,0.6560631954456834,7.056849806266225,21.82936483993036,76.2248107382969,174.16745165754145,7.952933016401281
location_2,J4,39,1,15.334093108490421,7.4553320822007425,5.151587691813213,3,28.283641070671226,0,0.5592181827752403,17.092996627575076,25.093925182084686,47.57729089470616,57.84170243097251,10.003980232042899
location_2,J4,40,17,18.017627716312163,4.683316669173232,8.187165794602686,1,29.99869838273175,3,0.3237441968027681,16.713166951404204,54.833836554087306,14.906388663406878,61.88443123011742,12.093711879360798
location_2,J4,41,8,17.108104129358036,2.7994517865066095,7.312326849852711,1,18.72566029476942,3,0.7477844646111228,11.375538365976137,41.45244767769941,75.35250348263978,98.70131035516725,9.72768472457704
location_2,J4,42,48,45.225318063190535,0.4063403997170012,1.6550765469767093,1,1.8131670709829317,2,0.008906159891957532,5.135132223973981,47.84831660679533,56.682564249016075,189.2321727070864,8.81635372890264
location_2,J4,43,30,45.673986250825735,6.772030452593735,3.1574730400655637,2,19.72651157745031,0,0.9814502944648151,15.183827050320655,20.618688439018726,31.39336262315546,11.414798062944786,8.841588569149796
location_2,J4,44,37,2.3129238783309356,1.4259143461115809,4.300270707520374,3,21.109428248759688,1,0.588801243017851,19.13166997414787,57.56566914619484,11.40376683395986,47.25384105656343,10.72792403720729
location_2,J4,45,19,45.602823629851606,4.593479608442493,9.814931262413166,4,12.34914346564114,0,0.27827343657115255,0.029380122847404433,28.972063730490945,89.41088823934665,181.07263406453345,8.553590738108992
location_2,J4,46,16,19.534726389004646,6.667545429094478,1.008133890809959,2,27.558291472394945,1,0.38696740719155476,1.4156779330544178,28.227321261211284,4.613701973475881,3.2740309798719114,9.274530347549238
location_2,J4,47,5,10.560310989754834,8.912940059690603,6.219125897882663,2,22.691144078778557,1,0.9844018582283378,4.998828309641947,3.7186287644518012,27.88366202003293,50.340011180042325,8.941645956488765
location_2,J4,48,25,7.784020288167231,6.093636372547342,2.199108809617547,4,14.33998750978981,1,0.98219664609004,2.8794346462830633,28.742096688527756,48.00434326039091,156.23564171369185,4.693420257946887
location_2,J4,49,15,26.465159184401426,2.177246793830825,9.336831199104976,2,27.814513129419705,1,0.6845980694951824,12.661117043112176,4.900393799819094,77.01647552998402,18.03728512297893,3.491111074829866
location_2,J4,50,19,14.455425996522136,4.740556558658486,6.7918233270350985,4,18.1724442965503,1,0.10960901226998943,2.9308092310653255,57.491482269452966,0.2624860083645486,96.88373726948582,5.101837463797621
location_2,J4,51,45,10.49815151031392,6.676200688843181,4.595637163278635,3,24.40925253787573,2,0.8787512510661757,18.503123601444646,44.96021102512961,0.8636591717047004,125.78511354648316,4.630856478306647
location_2,J4,52,33,28.109599376911167,1.9531752237312883,9.027309580430682,2,17.17234285369774,2,0.05729211266014056,19.63817848751559,48.079497027049875,12.352974547996299,66.78742919071152,1.1727163555305788
location_2,J4,53,24,9.174005425197846,7.321717956305757,8.188660675130985,0,19.383226012506164,2,0.6329127731593857,13.817287106127143,48.84665616050034,44.658327042309246,139.66117420439735,1.1162789387769112
location_2,J4,54,20,23.62275445124015,7.638242372709222,6.663307728957538,1,24.272138073897544,0,0.8853355518909605,8.346090003020123,24.756221073563573,45.33102546064802,171.0204105008876,0.0
location_2,J4,55,42,43.15562536841292,5.225293579175383,2.2121284692101293,0,1.5257924741301332,0,0.7372745849654687,7.880139139313287,29.852875491310613,91.96514332151501,97.3577804409814,3.145597407322769
location_2,J4,56,47,45.55961907084929,8.588012394980442,4.184069335740222,1,26.81153788568201,1,0.802471735920991,0.8257830776370922,55.85192548407314,11.131637342917223,4.599451781412389,2.1697897992839534
location_2,J4,57,7,0.5666131154303367,2.2473983809083076,4.948151340913788,3,23.44066638449565,0,0.6657056675713746,16.710912823438868,32.6643452393597,19.379415706109636,150.25706540046139,0.8757745674338829
location_2,J4,58,12,17.981710212170377,5.3773749358720995,2.4065581682862947,0,12.580529752043205,2,0.4780209383523427,16.39917771383918,37.96809955174211,62.042544995113424,127.7635402415368,2.3064338285846646
location_2,J4,59,0,28.81654632309806,8.941641837625621,9.53923591046441,0,19.965391150481917,1,0.5240260945909234,14.567739241800101,46.880453805527814,16.460922889673512,194.94892100004267,2.9687549082943914
location_2,J4,60,8,10.372966105554271,7.041515108727725,8.782567370187849,3,9.787932651905994,3,0.4603183112168905,2.487357894558675,44.12771485924254,10.767143783702505,170.86976405640735,4.838125918862023
location_2,J4,61,34,5.393159991757962,8.068743135696138,3.9950559905810437,0,19.820724419909183,0,0.6118018377473674,2.4848571120780805,17.26625950950647,49.626095308017234,136.94909350047666,7.200591201552609
location_2,J4,62,15,12.389087836058488,2.220930223168458,5.075564988529657,4,6.721031909760214,2,0.6093622795065718,9.044859823679799,0.4281001775107329,6.612906193966928,152.71344142600313,5.952379292348706
location_2,J4,63,41,8.547477711380157,5.727805812768629,3.1475925240046,0,15.412017959628303,3,0.9556823886948198,2.5571495557700064,46.60585009531466,31.861385526862517,146.58105621894438,6.05922367795407
location_2,J4,64,45,47.118516544859425,3.240427154717623,9.961273141230519,1,17.88430010425272,1,0.6849637102415369,8.007673253489372,7.341198134166325,84.87850085528738,66.94726753397664,7.035802890824213
location_2,J4,65,29,46.765020419328074,6.589164331843178,9.06586317718425,4,24.807587311816867,1,0.5901671803162138,8.193589299179433,27.862021460004442,79.46117182649748,168.95501588059716,5.680612890074975
location_2,J4,66,21,23.868099249326168,5.226096468822,9.261460662518715,2,0.7723264124960838,3,0.012948203415926063,6.826040969208879,36.98789935825172,85.48451171745822,17.736942749170105,4.948946053135844
location_2,J4,67,28,39.3936301817189,6.254888050590407,5.661107749683846,3,4.283966007243318,3,0.20463321708440718,15.027835227667932,48.93642005791213,44.06237934232282,193.57106698839019,5.138993924261396
location_2,J4,68,35,12.982798596630275,6.1767002433731335,0.6593009552142426,4,26.607090888172756,1,0.3431632452066078,14.770079421036408,2.3241347447648497,85.22848426202025,38.13145446919475,7.089613316952045
location_2,J4,69,47,10.603912134439142,7.364358207481377,3.7636975659376706,4,3.7328882508878913,3,0.6645962662177829,12.105111119904237,56.362061687285,83.19590605471315,120.5923377217488,7.267667442371061
location_2,J4,70,48,7.1250575090850425,7.988822867835662,7.5470079200764,1,8.087327998080267,2,0.8639786505625214,13.658332125434745,16.476651900364654,31.1449885380742,158.03506773960288,3.753334004489245
location_2,J4,71,11,42.49005978385786,0.6187776845845316,4.708891600963462,4,4.942947094650138,0,0.212286867078192,5.76989254684293,26.994531990283324,78.60663090783422,164.01363239983954,6.28056272550553
location_2,J4,72,35,34.0882932125819,9.483768496816916,3.7538921899023237,2,4.4617389176949365,1,0.386742336087597,14.854769342883472,59.43310402975227,46.3072623691111,58.983435494340085,7.588367979605548
location_2,J4,73,44,38.89724950936849,4.0644491240088545,5.825688797988983,4,28.481987854147867,3,0.012769027512908315,12.674639290820341,39.94118571950305,50.20245284001009,188.97585988406215,6.48200664079227
location_2,J4,74,35,14.192391876845022,1.700970121859906,7.063450602756557,4,7.858655233837259,3,0.06012378547578667,7.113270877827058,48.52603664270808,79.57847444565822,168.45970602765868,6.327801132458703
location_2,J4,75,38,35.0969794268552,9.219801187179108,9.649381252645671,3,24.588940419199307,0,0.26450203141016915,8.456057309575309,24.463900988596286,23.233768146807765,158.32355755891086,7.225892279443305
location_2,J4,76,15,32.587106789078874,7.839914153748908,3.420076147091433,0,27.83317148779886,2,0.02881875534567513,12.748380684333622,44.2559577100726,67.09610146245126,78.1832496260622,6.909548103178018
location_2,J4,77,29,1.0111929314242707,4.203538094372091,2.770218814779687,1,27.652696181862066,0,0.30366776209077473,4.2885076667575,42.635384605090756,16.916974503836247,18.21848821158003,6.225263368285752
location_2,J4,78,10,41.257389564262894,5.999145144686872,0.7562909096681703,2,26.006006881645813,2,0.9871475949738474,1.485899666021746,4.718882491821692,9.065892610416382,64.75512006746607,6.988977844442262
location_2,J4,79,5,36.61079663436554,2.26197261451772,3.16391974184027,4,7.572207959174303,2,0.16776558081439097,1.8677287632574768,17.961408200803426,46.90426473292233,31.402814359084317,6.663046332410542
location_2,J4,80,3,7.021223356313539,4.131303277190288,2.10756344459057,2,17.93837983908996,3,0.8899931237304647,18.905609420764648,14.904398333318627,45.349365260428556,76.40137054469125,6.37060231138156
location_2,J4,81,26,29.277511423810555,4.009399651127772,5.5725004396599385,4,27.184186089759187,1,0.8520230521498826,9.031859261466435,22.535571696393614,5.040509231333379,158.41531520772,7.286856649341951
location_2,J4,82,1,3.491266980469959,7.54040439417072,6.43399369006495,0,26.881567544905536,0,0.5180754153362178,19.255511887223943,9.579431493463638,85.18721692719903,3.7566860191281304,6.0942699577436015
location_2,J4,83,22,34.34728699902589,4.317229954617603,8.934339104024174,3,5.670248331797091,2,0.6781289258578433,5.523540125553213,45.398435761148924,10.3328313808852,47.935377608147746,6.2785231433717
location_2,J4,84,12,2.288604342467304,7.548712885119567,9.725018684822018,2,2.3420241749962036,0,0.33669241665799154,17.955700094598498,4.327611150502602,28.138106016441856,105.2407348965058,6.909662162358749
location_2,J4,85,2,32.1727150290184,7.9007942823910575,3.9189960097711616,2,25.718149438401444,3,0.8380746162401491,5.045803201587504,2.4958208732915788,23.964675877990913,163.9010826231857,4.435603227608724
location_2,J4,86,46,30.585762532241723,3.85619861610651,5.3503129008618036,0,7.95444256432088,0,0.5768407836404841,2.856490662642417,51.896246921563076,75.34954225564147,192.87383998638225,4.283631958032534
location_2,J4,87,2,29.126063549044172,4.400633313579732,9.171675510894149,2,9.303890691482216,3,0.49345783594479986,2.802478482749182,48.22708002812958,25.181090299254606,11.7641715735199,5.863137974121988
location_2,J4,88,33,27.26489779468367,5.2071599381865505,9.296381086717012,1,1.0805880926527833,0,0.3924666186260425,17.999346109976713,50.06856830722008,39.91362440071386,93.46765316923798,4.852696844767554
location_2,J4,89,38,0.6090935547834797,0.03510696044525141,3.4057235991447135,1,27.470708977906817,3,0.7721024261558168,2.598497332307508,59.20406742964354,46.71117103789836,154.60333740217885,4.320296761377477
location_2,J4,90,40,15.884875120544523,1.9505500018472055,3.4323128082053476,4,27.7057017159422,0,0.2592607569900818,19.178138492075252,46.17412019845337,67.86306171329429,13.930147732676247,3.951609857490169
location_2,J4,91,39,9.083663075200443,8.471371472082502,1.487804745516349,1,1.348163412147122,0,0.06327988410322205,18.38811977821194,15.093325819479526,77.43382743639661,131.43463748413714,5.441033056778216
location_2,J4,92,2,33.73347252418432,7.6094030253111,3.285771027758045,3,20.932058255565167,2,0.5447598583067481,18.924129193222697,15.550793422807947,30.109945732901334,58.50508334006979,5.0801700604756395
location_2,J4,93,33,28.83117186499987,0.7715158047521509,8.002511926974083,1,7.571854158011573,0,0.6500965350470767,11.848091928149916,36.056343540762896,79.33333118398576,187.57125303336005,2.9863394839530835
location_2,J4,94,26,2.7648632122668215,6.348976650794832,3.6265642907210562,0,3.335579104644527,2,0.12225233413187131,16.119812040585128,58.58110949324881,12.748710801218422,130.2718696621762,1.7850288426317356
location_2,J4,95,5,38.20829020272676,0.20735353158175984,4.163057564585076,2,17.139073166850096,2,0.4479603705550499,15.589544008408588,51.46227931411803,27.610073226945985,156.85757437258331,1.6111695539823967
location_2,J4,96,44,22.367112361306702,5.342036691279171,7.188972518081808,4,15.06867169607956,1,0.492336452383793,15.553295059243926,13.950081564310029,34.822157086277805,157.7294412369864,3.4421090523399944
location_2,J4,97,36,43.0015068897622,1.6148162818349876,8.962794072271127,0,29.412985477833853,0,0.46316769990572126,19.180899753990154,56.449120551876604,21.648792168083887,18.99834985859039,1.0957843548886814
location_2,J4,98,48,31.29029846104359,8.534523470310466,5.209915892596754,4,19.54975670283103,3,0.8371540042881199,14.889261480954728,29.033783809778356,88.6495768389122,189.03747101704528,0.8163884696527093
location_2,J4,99,46,3.244038396090726,6.148152219392081,1.5553432601859696,3,21.724187386766424,1,0.7436223991939167,16.177691211524568,59.20684575039498,48.095748408864914,50.20450760902628,2.5308363942553975
location_2,J4,100,46,20.659178468920192,0.6398226218648662,5.7742862505780685,1,16.345655581978182,3,0.37154547043351427,18.358128911618085,27.557631605165906,51.22234455782525,94.382323754854,0.46166725650249457
location_2,J4,101,24,25.40336514287706,6.412538606417007,3.9520561865854633,2,17.919390183187907,3,0.4781379595073937,7.27785548643906,48.20984828233927,69.47656127138895,189.08403017184648,0.0
location_2,J4,102,0,34.74218202534297,8.921982110925352,1.7990400687885177,1,0.3242207133252839,1,0.7753552964263154,13.240383249944571,23.981788296160232,4.9827548792892635,52.050560951229244,1.6028238782620465
location_2,J4,103,16,6.533183314941221,7.337064022325901,3.4176876737276096,1,0.9093278798418336,3,0.05950756707016802,16.221450718758806,31.451660665518048,85.97741812296242,122.69605125425696,2.5993185491268878
location_2,J4,104,17,37.75470226028909,1.1520230767278927,3.486631545579384,1,5.653847159288703,2,0.4314338935964921,0.49668023272495754,12.57371111906241,19.471741385123163,194.1853518453963,0.0
location_2,J4,105,42,41.962569296299094,6.650932640952021,4.207565814952615,0,29.004184677329786,3,0.007092424504005601,2.232004502777636,1.8807004112055736,9.044505460036966,44.062813968823924,2.168531117562311
location_2,J4,106,45,25.727591564387314,6.107026804586011,3.503066319578405,3,11.71268824660114,2,0.9003515546941843,13.646177286627255,52.240261635941884,30.2412696138432,178.7518612170907,2.665919217940795
location_2,J4,107,26,45.76356424771444,6.313518640485368,1.5298271232517446,2,7.02787708265419,0,0.7765922415254272,4.958735780788288,14.810755230431248,47.26550800261498,188.72050783604,1.327384460166062
location_2,J4,108,45,43.355171082188406,7.951621306965382,1.3444939263333489,4,0.028419342698329242,2,0.09564526644980575,8.870928831166335,45.89119906571192,98.95770615282798,23.94322093624406,4.622002318698088
location_2,J4,109,8,5.506918487310614,3.04419139269518,8.794398799097532,1,26.35959199984977,1,0.7553777213581842,7.863535524784611,51.66235051196718,49.55965269030821,121.15173261488236,4.330586309679691
location_2,J4,110,38,30.21624529122826,3.5546852734595125,0.07852729347862963,2,4.147852737183735,2,0.647088366463697,10.117920930228317,57.24358313020308,16.30740136830937,76.75534558673907,2.1243688873501183
location_2,J4,111,5,48.08760863322592,2.018161374633567,9.561627269880796,0,15.222763527915667,2,0.5332193291302219,7.5541655800962175,43.97390837111682,41.44462211352635,4.333367579127945,2.3032069486287634
location_2,J4,112,14,28.291555788474543,4.571760830790651,3.329224037979847,0,1.2575278324389183,0,0.2026831541573314,7.179810573961731,19.926948887667084,15.975718713646014,187.481514585749,2.1050518370407993
location_2,J4,113,46,4.8596027772296155,4.098433616918413,5.431438643910833,1,23.688004194751326,2,0.9627433036312371,16.019490496284508,39.306129159763415,91.17606615736501,134.4734810779975,2.8845475138936085
location_2,J4,114,1,4.5929340329133925,0.841018432522711,3.869199915771737,0,26.180708411727494,1,0.8408727234633308,9.029365295733147,7.456318820761709,52.26252331424385,7.898001956952627,1.6960699215026285
location_2,J4,115,31,7.02285513334604,2.426065143827414,4.576397303063267,3,3.867777176035514,3,0.5001334576691514,7.921391255465908,41.73697004986913,63.44805618744689,57.44926720290486,1.8613046013009225
location_2,J4,116,48,11.607055586304654,1.1992758304959594,5.2138354091105406,1,2.9647667949463252,1,0.7914985973135433,7.2159084572212535,16.73467263185114,0.056961741677064026,7.600897596292455,3.9490398962846367
location_2,J4,117,27,37.2182724362352,5.545083973033133,7.315146230096192,0,11.05368186998996,3,0.7512822269437179,5.479311399246312,22.594559114007996,96.51575014097199,2.0790910469208113,2.5238094101175115
location_2,J4,118,1,20.336015346372815,1.8726652626029783,3.63891243584077,4,24.584703168769614,3,0.11490222417943807,4.66926617137287,30.82396220536126,72.59014005916505,180.73274812037795,2.5431927929242844
location_2,J4,119,48,47.391008633300416,3.2560219913276156,6.227474697620757,2,8.987772311678786,1,0.6891326236713119,9.75764933092818,21.755877772074374,71.04529990730998,33.99836206769669,0.9503185092476266
location_2,J5,0,2,3.8583371846220906,3.6197821658441276,8.903988610559127,0,11.06143332352072,3,0.7656229310059242,10.949071803371888,49.53576358202186,90.03328847978574,43.335053408235204,5.0
location_2,J5,1,47,19.946212877362612,2.900437166308105,3.5142139194010156,4,28.71672505062926,0,0.37905444622391105,6.8486704562929335,38.80929149606079,88.79207710432816,28.597958025532243,7.3859329614176685
location_2,J5,2,37,49.21805732314415,1.4093878569864493,8.257039117011628,4,23.00666037498731,1,0.1666024833912314,7.937097908387784,25.413985251860076,95.98848014980868,152.73847161508286,3.792116077240188
location_2,J5,3,47,17.013120406280756,6.688343262808295,5.194405063277148,1,26.480673253567105,1,0.8213445631683517,8.52793831566159,54.75175526675009,10.916772410022535,37.44066176088137,3.9474655528952223
location_2,J5,4,48,27.45429137862201,6.6621475714627385,5.46415851746429,2,26.594812347985716,1,0.2081124856432609,8.353303948430613,34.15082031559545,16.802410504753183,163.76315686830233,4.186151844831581
location_2,J5,5,13,39.90457773636096,8.906144209042136,0.5380056517430654,2,0.9850811449795138,2,0.7504068319797628,0.47536264392201044,23.207130224804374,47.70944015274941,30.471845095511085,4.715849632686828
location_2,J5,6,2,45.52388430306616,3.789390966858636,4.68634224195022,2,15.727003708258657,0,0.060842434583877836,5.885370855273486,47.0182045014203,64.19142502462526,4.796970317542049,7.467316602797217
location_2,J5,7,43,39.39701624860617,0.8660540258768445,8.004560319762662,3,23.5106098708036,1,0.4711410804506069,17.971268369252925,43.773246191012134,7.665870118352657,135.79985773768834,5.942098471886879
location_2,J5,8,44,42.4813278515724,3.914090394654437,4.719249925275358,3,29.523306829643488,1,0.7649522734452184,13.164256233115063,1.6678140616518977,40.869840838196936,27.862080364377206,3.3325391968112577
location_2,J5,9,40,26.98478285346794,4.538355381835924,7.771537615303663,2,12.392856323686537,2,0.7368454413919675,11.512974524873552,10.12391720912844,98.59047964010813,162.23911234310611,3.474270904525928
location_2,J5,10,40,30.863559849549148,1.3226025496779703,3.9432158887442936,0,13.357656986813886,1,0.7729278978334481,9.180147790447775,11.266087669310929,59.77670787061549,110.85776785769401,2.3853544104053133
location_2,J5,11,13,2.600824004994029,9.197029857371993,3.1946741445890248,0,14.500896740308155,1,0.19688469106306683,5.433627162634895,38.383622623896734,39.00580373018665,60.61385784115472,5.5249941221869285
location_2,J5,12,27,16.096072452415072,0.1815616804905451,6.055441258515184,2,11.536244181670925,1,0.8856452506740252,1.01483661278843,58.933011594600686,42.646149178859716,38.5964215891559,6.647669030972882
location_2,J5,13,2,4.591984981738895,3.5624205341843815,5.621968353519108,4,22.432255488462406,0,0.9277705217856922,12.902300052568458,37.9512761853741,79.73755416779056,103.17866264691243,5.354414589874998
location_2,J5,14,20,8.216381930720562,3.5824061732845234,1.1573037457541713,0,5.746578562971289,3,0.29123025445459316,9.451487190462554,6.623928058679316,89.341536313929,191.4724475009052,3.240126257457533
location_2,J5,15,46,31.827342356093137,9.792654591964308,6.338868135486379,2,16.859146502927842,3,0.253894468126621,11.833818669241417,17.762146699023084,15.791709577508861,69.51601490386918,5.122730742910592
location_2,J5,16,31,34.823841470728325,2.339008724248375,3.576198580418821,0,20.16192994352855,2,0.6314291382744621,0.47821127703258304,44.82656337766776,22.187448682775045,10.898032428087268,4.6728303209216016
location_2,J5,17,23,32.23824781293224,5.8187251696265365,8.563641372839937,3,3.187582499729713,2,0.8339466128566704,12.969778212149372,3.740978272366049,48.594461188713666,119.10230533480879,3.7350118758868764
location_2,J5,18,40,30.404262855226133,9.210334613262935,9.039977072222133,0,22.957348380744033,1,0.5167739902212998,5.728632973287404,32.21658679861431,72.72363190698621,24.128969787643783,1.3234788815697964
location_2,J5,19,40,49.82605661044387,2.7824092116933077,1.757950126365111,4,8.1494372872236,0,0.18972807629864252,19.235918252119827,26.844856948959535,67.81223326131219,74.82963170153583,3.727813674293218
location_2,J5,20,32,36.115369759202785,5.264508427858562,8.873024554005871,0,11.472138687351912,0,0.7621033886497018,2.926088158245057,5.641868430212574,33.88994330792568,96.36557217501809,3.9596620352553287
location_2,J5,21,32,15.393372913161112,7.688547125871259,6.464343348112401,1,27.40736754890403,1,0.5303867169256904,2.5852326549581917,23.206086789992156,10.883774056743656,108.5013368754855,2.8840464513783504
location_2,J5,22,3,15.10950836696635,1.9022020286812735,5.308563256808755,0,15.872007459526461,0,0.468654501056216,14.49363243437741,10.905335402591065,21.039142839148262,29.862538496601697,1.5307288227345655
location_2,J5,23,36,9.96189537442259,9.771807918267747,1.9975347066528681,3,27.96171123266874,0,0.9341617795569245,5.4433370334714,20.839576038988472,50.963834564452895,13.326483151767764,4.648791267530651
location_2,J5,24,20,46.40834003156419,0.6956898462984329,6.205072571476393,3,15.557798236902709,0,0.9823142123446809,7.98718772089563,35.2475299110343,43.15860696701923,31.7792876989214,7.192352582559706
location_2,J5,25,27,16.501350035032686,4.957891965672628,3.596631408135429,4,16.396007621272762,0,0.8285765278650391,1.7951542621892758,41.660007118420296,15.547419157939979,110.11515220624801,6.6648797908800095
location_2,J5,26,0,11.070404826801628,6.183213446607172,2.2767395199424865,2,19.55329042185869,0,0.7786778443453564,5.372407478946468,9.656527354584576,1.2608809483007688,26.37529940382155,7.968880407431615
location_2,J5,27,17,46.02402997056124,1.9650448220854277,0.8791556678404544,2,2.0586264696177583,2,0.9977059924321842,15.557771360886061,15.758270138463162,26.45588697189384,137.6433755417989,7.4637656564589365
location_2,J5,28,45,24.784463890019502,6.4801664489815565,0.359803613507812,1,15.593918348413723,0,0.6470659419655107,18.29345774239334,19.98672531486881,22.803643668074404,102.05614048947153,8.824318349119567
location_2,J5,29,31,38.62092483296793,2.2613167933130485,2.328529091533614,4,14.549604394081122,3,0.43675252812707976,17.947040137938608,25.50541449386243,93.48476348547615,93.69647937241743,8.752058075411108
location_2,J5,30,23,13.062141130803468,1.9951169262322421,0.11921533990790545,0,9.196111737366547,1,0.47476681730951575,19.814264326554845,8.359949418171645,58.67944886440546,22.429676802736708,8.320624026896324
location_2,J5,31,8,49.629746622398876,4.630783136323743,7.430991647381311,2,9.918234183232054,0,0.27536345037982346,19.088627579147616,13.749387142487507,39.71140340328145,58.67756140388833,8.112353762369592
location_2,J5,32,44,32.52392166033749,9.039959769057646,6.999418806814268,3,2.907420540430955,3,0.5077565222829283,2.1875705886389962,14.832428259902885,16.750228166250313,156.12607570091848,10.404117284617929
location_2,J5,33,12,41.52123729786502,8.270473692106,8.057756185030536,4,16.313260518687272,1,0.9242720438911406,13.723701096276937,6.060283821258787,73.7970477183074,60.68464082562788,11.135917490345271
location_2,J5,34,25,34.348957264292686,4.716085388507137,2.3106325649730475,4,25.576387414608938,0,0.019336247994177436,12.60044994573647,19.974532973405687,99.37111994613984,19.567869389128646,8.267024368545526
location_2,J5,35,10,16.322173736228695,9.267844095256105,6.690497705169075,0,12.91136967637663,0,0.6458592807629719,4.9043512521942745,26.947052652379824,57.30199230654362,183.93509191753,10.022858048109207
location_2,J5,36,16,25.86917295593576,4.469668958873979,4.583359822600764,3,10.30864905982513,2,0.6992056932157531,3.7032214640426053,37.71239591689697,3.9073126244190126,6.878528643184367,9.569201530526277
location_2,J5,37,40,49.65982401380564,7.144418852503659,1.474889539887223,3,20.789220544869405,1,0.768150042010702,5.907534324468138,10.124161419691443,19.411436939592786,37.67169437055253,6.197282918100704
location_2,J5,38,43,14.362199428846301,4.8635597451707415,5.338767517623665,1,26.82964132800262,2,0.9670662464376752,13.308011394752713,18.78333822628158,56.14340801656713,75.01473629434707,5.026705746386451
location_2,J5,39,21,2.417359700068389,5.4432747165825575,2.2891553502815185,0,11.552385942403902,3,0.19107940244966648,14.8569476196416,33.69578964698107,83.02159852368929,198.98975853824288,6.32797854303979
location_2,J5,40,15,24.074831469437303,8.216996853853319,4.096104505382804,1,24.522538505965116,2,0.02758549451034309,2.62933486283508,18.61722901855203,10.802906975325365,153.46501500154915,7.09667053427029
location_2,J5,41,9,35.94107351551174,7.100322858843633,7.6861256083794585,4,28.80110827893774,3,0.6947589432350375,3.1571781228921147,52.696947703163396,44.6326058443242,95.17225478566553,8.287137986596077
location_2,J5,42,5,14.875871544894249,4.175441933194302,2.3719110328740536,3,19.57035463662116,0,0.40448399130889323,13.06085380857521,10.761984369725733,23.64823084173692,96.25634047162721,4.990061111944696
location_2,J5,43,18,23.265511210691436,8.182834690786338,6.243118930312149,0,22.719646293831705,3,0.3785813781837495,4.138627173639994,30.047022870370427,92.98208966736223,138.8572293484515,4.4157854238758585
location_2,J5,44,28,45.636937507928735,7.537714299642172,5.934740726745616,0,2.664139695206622,1,0.4797500705620481,11.199403816538672,53.79691481240867,25.566145622843372,132.02682552142068,7.0584239675417555
location_2,J5,45,22,0.9731605209436223,8.051510840782436,1.904131239302802,4,14.88126180912891,0,0.2892811623189514,13.76072416093552,47.86727249250695,41.130789523478214,144.8325472365603,7.240846563874072
location_2,J5,46,35,18.21842309896059,2.904792362219668,5.5091262918773065,2,27.446634522477154,1,0.005224430408054204,3.668939980876331,6.003813865729894,24.21098654526367,64.5148945238968,6.5911813795359375
location_2,J5,47,23,20.29229794355568,7.8598339527119645,1.676260797433069,1,11.336322449216226,2,0.9724194167267858,8.920395237908211,31.171703509604335,99.14661420715986,35.15149802313684,5.506652364222277
location_2,J5,48,18,22.9455503385736,4.2035486040280965,4.689095558536192,3,28.987755393287593,0,0.7760306496963074,0.044004451267252165,29.44500106588798,31.932048829826776,161.63110593817558,4.284063236405924
location_2,J5,49,26,13.164509858890778,4.958430396208163,7.166010566680652,3,10.350647792462231,3,0.4983299977548057,14.834848222191576,18.783834775257237,10.409745447219276,165.05130735549534,3.560099157250328
location_2,J5,50,46,43.656556622556344,2.9746367364468638,1.0649753914801685,4,15.80827120681752,0,0.1483430094763435,15.895581034922639,48.65888186774719,16.94679865670896,22.50352413332464,2.477168333433371
location_2,J5,51,40,24.70405947406104,2.5951681277469865,0.8220491229772453,2,29.031379170586522,1,0.7141902159345912,14.345191503998398,12.432793738434356,7.028270768866407,199.4568846060833,1.7759362370811065
location_2,J5,52,41,0.11284713679654002,0.43443036322873496,8.695498190553291,3,15.14796791677473,3,0.19760718288166823,8.543684832991307,13.40687821423858,89.67787376807252,45.34806122134745,0.0
location_2,J5,53,21,43.91443958162652,4.526092430845123,3.10285598925217,4,7.131937018753303,3,0.57754873185332,10.682961526853127,25.871532007223703,20.916915542355852,85.50530286994868,1.019286935130347
location_2,J5,54,27,38.25503316920376,0.5347750325428091,7.1210842162820125,2,23.558757471160142,0,0.5631380137110987,10.417044120809106,16.14551024849146,50.85126975667272,10.929387013672077,3.3517638940658343
location_2,J5,55,35,11.956374897628447,7.405388003525635,4.482257909973008,1,7.515174587179222,1,0.878741853421478,0.8257812394733843,49.16044172614398,46.01936750843893,9.38484321758908,5.664000956817578
location_2,J5,56,5,2.1722964176798976,6.4326434373596015,2.6024236890642527,1,17.69907169291412,0,0.30465467301815063,16.395539258164924,47.76378371038142,74.49909385957723,125.52508320149849,5.267019560221784
location_2,J5,57,28,0.18060617933310374,3.0051412629584084,1.3334673011782094,4,13.796648356381775,0,0.06137930075346931,11.211342510625162,35.11196093747935,0.4409700825049434,122.45313962570555,3.6773574028674325
location_2,J5,58,21,8.004502049504126,0.7419050316740905,0.42977282297856134,3,16.51920338315306,3,0.3060647374697537,18.64502901019426,51.916569195349346,28.04178828106406,87.08783845811294,3.7111744509810642
location_2,J5,59,21,30.575309367212196,2.164479616581211,3.6252562747816244,3,5.661588046569764,3,0.697972783292748,15.162381981568345,34.96893512501966,60.50344270613189,54.75119420198939,0.7031159996692256
location_2,J5,60,39,6.019417918468667,0.43125521933338407,3.6551811087718122,3,27.38957927345229,0,0.4498469971577984,15.657012684508611,23.52185241997613,43.74888718845936,57.42359994899999,0.0
location_2,J5,61,18,27.062258237260455,9.051945765234148,8.963054920058232,0,23.05976069403879,3,0.1739261682460993,9.52876529135825,53.25903074099202,70.99218407468287,107.07648545313684,2.068307874444589
location_2,J5,62,7,26.924662827623447,4.145215395304803,8.616749077797373,1,28.123806762717713,0,0.7302735593966581,10.195440667254644,11.085477764669118,50.22749915741517,144.24234938756214,4.831273162724811
location_2,J5,63,46,32.84052514245068,5.966397941814901,6.734872878209012,0,29.796521090944932,1,0.39265833132593153,12.002108267115501,36.56726083505656,76.54187354341299,116.21960754187322,4.401378457641155
location_2,J5,64,6,2.6442727750011166,3.289219057138826,0.97735652626317,4,10.486537271043959,1,0.5589628503935796,13.6346636818348,51.21608613377666,54.16623124899932,93.92659151466142,6.200995276230513
location_2,J5,65,36,10.893995981311328,5.248903485484824,9.92887165463227,2,2.0454081801690496,2,0.8588378775288208,12.363544434130663,3.129888715078497,74.98502743680831,93.65048955784067,4.864446208920113
location_2,J5,66,26,26.561805849633842,5.48007590567095,9.694322436001992,3,2.668756514203827,2,0.3117238896348954,12.253775258313533,12.195332429412414,92.53924603308462,87.5843634300924,7.085713215803235
location_2,J5,67,32,37.70486257460901,7.199294707173297,7.620253407025208,2,14.81921286214206,3,0.8551057364340198,1.7219724137200565,26.541494738902287,43.0874734571182,75.960940297259,9.08053232992269
location_2,J5,68,11,6.719359684270277,4.852115408844336,9.752272371620451,1,25.27745538418648,0,0.5317543354427275,4.488226419013572,17.857594061004573,61.78936933811639,70.24928733327376,10.652553959924589
location_2,J5,69,7,28.280890072964514,2.9654094769381456,3.3032501388546374,3,17.669839882311166,3,0.9973363103790823,5.656005998150491,5.463824233824783,56.719497450858746,1.494354929454933,10.678729669909197
location_2,J5,70,47,44.051723866464116,3.274557616671551,6.58565278498136,3,6.119771071013398,0,0.1478151151076572,2.1013129744250625,36.0649109607839,19.08736635982502,185.2509314039257,11.497084100879217
location_2,J5,71,12,25.25702053827376,9.269677754402519,7.850888711009105,4,8.431930497676877,3,0.9051536287285369,11.415657863628892,33.81734632337813,21.032491142271994,17.47464021263343,9.665517978789083
location_2,J5,72,46,31.99836854871882,7.7735518192367525,8.167522208877049,1,9.41848249765817,3,0.5877361456333972,2.275230627071443,59.19645606955755,16.436363042228663,33.81172567732771,9.185361397374503
location_2,J5,73,42,44.35362117685317,3.290471882229533,9.643288152633765,2,6.463846906089202,0,0.814965430322796,18.99383948310373,44.39370801820731,18.72378722442295,133.77300310429558,10.316756486629506
location_2,J5,74,7,49.8275374961806,6.687148370259872,9.921171349526544,0,23.20012512700538,3,0.6598240975827697,14.529358733666227,59.45403011714552,83.6619250260557,78.30345858901065,7.378356345019108
location_2,J5,75,35,43.75827380705797,7.693156546752182,7.062335771512119,4,26.896304740518353,3,0.7132562319172446,0.08174589446295899,34.11486491356801,72.36890661029202,76.60237649974648,4.6466021627139185
location_2,J5,76,5,42.45901051352464,1.8388941431917094,0.22364566345150383,4,16.483350776089875,1,0.0059648952070539,4.270861588430305,48.25771247489122,22.041390581786246,71.05592880903724,4.5602357738620105
location_2,J5,77,35,15.308143848395162,7.022864175165051,0.7981239309900756,2,17.253725359277816,1,0.26277689776080515,12.507831451271702,39.199425451988276,57.74416962237018,89.44802681373622,3.774468534764299
location_2,J5,78,41,7.354264976783259,5.849235862972417,4.609337600024805,3,20.30104639709417,2,0.21500828772309488,3.5820292150091992,13.818406029333232,11.65947620641521,84.18200689879829,2.521631360497125
location_2,J5,79,45,30.449416396460567,5.27928354006877,9.037922401392906,4,7.044866945076608,0,0.11138499562174942,13.09069257790041,49.18940534223544,32.2138382813029,102.08841083056058,3.2153933946226547
location_2,J5,80,7,10.937790578935664,4.130956635647514,4.019724555060029,4,15.267920135060661,2,0.2110316222337697,4.5231574020648235,41.44175195211665,15.155712524575693,56.39731828880477,2.69973153899463
location_2,J5,81,6,49.34546024281842,9.924468011723972,2.9364834754026337,4,20.95016201386772,3,0.9730657367234549,8.882039708739256,40.61349493025002,50.7249313297373,16.154588149436798,1.766077813781228
location_2,J5,82,2,13.957529729203378,8.051124572264944,0.30432664886817284,1,16.127709422755004,3,0.40125981512628817,14.319892085567421,13.87930726303847,47.07237109073829,164.20921409143946,1.185995677262508
location_2,J5,83,43,44.74639568194754,1.038207054527499,4.4724588502788984,0,3.002257265726118,1,0.5418335713243694,16.465002662929294,11.198405776411338,12.990463398302133,52.696933846172826,4.5539983931974835
location_2,J5,84,46,16.339307848532425,3.3078383180553472,6.624984798832292,2,1.3070120567287546,0,0.995166900488917,11.045123153755101,14.44721045892802,51.989644353302864,147.20643652231053,5.4350633368999635
location_2,J5,85,27,2.5460486383401593,5.323099729144062,0.14298951790429837,1,24.873446651483476,2,0.9007551342365145,17.10128583215686,10.59120064175307,34.1224416249083,47.65326530041085,4.595530786204814
location_2,J5,86,19,48.681349814197254,7.881700701273976,3.441207369729149,4,11.030496013250474,1,0.9167963395773816,0.11437299533350487,31.111405674260947,86.52721047604585,143.02400321232275,7.808791785153253
location_2,J5,87,36,11.81402381097132,7.093489807411521,0.830166902934224,2,16.470230510394515,3,0.9936041369297232,19.637732652123795,30.680311966311354,82.78889271722183,188.36691154508225,7.896018757227544
location_2,J5,88,34,2.5705432648821747,3.308452764115649,5.213075950418605,0,8.678857883381767,2,0.3403917872037828,15.149843331531445,7.93836060268146,38.85032525578892,107.87176728550875,11.252472341706332
location_2,J5,89,11,9.88850148921297,8.825020530349702,2.453408817155971,2,28.30472717734233,3,0.7787153985197837,17.02253135250565,26.676993394310397,8.087582915616832,120.74974243179928,8.639322608489888
location_2,J5,90,29,21.26613796465147,5.402397780709705,6.641924370487135,3,26.94257458218554,3,0.09630330550022281,11.423155196584025,13.040311812172177,37.715051619115414,3.5060676925650514,9.304115087222362
location_2,J5,91,12,32.55014051468222,8.5585900102699,1.2313781425888948,1,25.812624998777686,2,0.1678914364978361,5.317736039658286,49.67535401637717,59.74187979841694,42.697369853237824,9.416466012996821
location_2,J5,92,21,19.344650616337226,8.8968293324683,4.99012664343811,1,20.105031117091993,0,0.7487375192940717,3.9170190115607983,31.313388545037874,53.248091451095036,39.51865672789347,10.543805986299745
location_2,J5,93,30,36.66894237580567,6.238974499303788,1.0213302607651398,1,29.09779775752181,0,0.2928339927465734,4.4787964698854505,24.225233918160498,40.064944497164355,56.107559152088406,8.199435655554721
location_2,J5,94,20,5.8880565235698565,1.4514852239255072,2.706672037455027,4,17.624610075756816,2,0.10882908193670515,15.139689881372693,18.21277114969106,73.34704221276806,73.31222308285032,7.007022270043303
location_2,J5,95,46,15.915580513265265,6.075392071255196,7.0680046906204455,0,16.255255213479312,3,0.5710048682401379,5.010370781933105,58.27324973006967,33.24394834221057,86.89128193643319,7.163602280482369
location_2,J5,96,1,34.53515477265157,0.17960846650472484,0.6521464721662573,3,26.06224501254301,1,0.14295372332381318,19.646583465631608,30.256141324976767,29.418427752976093,11.101034287754153,6.7775707922035116
location_2,J5,97,28,46.57115959095069,6.358537235019211,8.634658995700843,1,6.9378823663915945,0,0.044454427415527076,8.263325238044729,21.39721726261115,24.58901595699735,105.7943663118744,4.625892077412643
location_2,J5,98,23,12.873471882173964,2.0029823961622375,4.11747542181828,0,10.130338046178974,0,0.6651238586443668,18.402574382967025,37.62678664343089,82.93922426438064,136.84573421959422,3.191361661384094
location_2,J5,99,37,26.937505009475686,8.599432522825413,1.9918031076137155,3,15.275579061653117,0,0.277015067735778,15.100505415368595,35.70702492891597,22.96561588590781,122.56022547576302,4.991349184182958
location_2,J5,100,24,47.09220506627644,0.8639551819952707,8.847605119887776,2,10.285353953242995,3,0.46665806233093166,16.079878880703188,12.37045195288905,29.22915739382088,34.538659989107366,4.082128226347879
location_2,J5,101,37,9.609064188214283,2.927614312462877,7.007509186242197,4,14.882353189870013,1,0.9294283644569747,14.890853751696598,32.76058709439801,20.9464802528764,1.271227890169202,2.894708584274724
location_2,J5,102,9,21.377496537677427,0.028417075382866086,8.414577857705993,3,20.354264037787104,2,0.6206329061880054,12.826015561219235,55.526235569257125,89.17990435794444,136.0922469714668,1.4197673157314312
location_2,J5,103,23,3.959375332653897,9.131877270266852,3.0996198221744766,2,10.560451441951757,1,0.2240390588541673,5.5691919078066725,54.56698936650233,81.26551577674923,19.47824517318997,0.0
location_2,J5,104,16,7.887580311174908,8.70737554004267,0.71671575274595,1,2.3415756104977015,1,0.8561899186261949,12.867482295498649,57.22586270627626,43.2214838321935,79.6195529441722,0.0
location_2,J5,105,22,39.66282901352848,2.343491558665746,9.261784403841228,0,0.9927099872824929,0,0.531511648023024,6.438961189240937,11.235928595141116,65.86244602697559,144.87095610162308,3.5219861863080943
location_2,J5,106,24,22.88986408363261,1.2016537875371636,5.033384629781011,4,10.86692813421513,0,0.5263679013803221,4.887177579919038,19.82535072384782,28.76483753828909,9.132643573332855,1.4474926683084295
location_2,J5,107,23,30.442424432430975,5.341527729824323,3.415157479816128,4,7.397569186973138,0,0.36419959731720875,8.652685257278968,19.602429875797,17.269139019099576,124.91639388691753,2.407542735128924
location_2,J5,108,27,9.002338790095765,5.2220316921747685,3.5794066045957917,1,11.945995648752302,3,0.3916822398476313,10.17051615054465,23.80446101387601,93.45112489906006,177.43758167256289,4.465523611689974
location_2,J5,109,32,14.831001570717634,4.650842788667614,2.1911696786972756,3,15.495544967049902,2,0.2621093362043435,0.3393552300720315,26.921515859810576,96.89266839926319,44.68217162218324,7.030224365636381
location_2,J5,110,29,25.597802321625203,5.079244261415397,8.309305574875996,3,18.262150646317934,2,0.5781846933471785,1.5137141137539456,18.82306023188917,98.26849075363609,122.66682387729982,4.967782012887888
location_2,J5,111,8,45.78457076748897,6.0308873584579334,3.612846182579472,2,14.108762550264242,3,0.6971596958273482,9.828794941187923,25.47775448986284,23.160918076596182,197.49117028933335,3.0619298348027684
location_2,J5,112,14,28.028062434305212,9.498286300024624,4.397477684722194,1,28.059734226095614,1,0.8766597244008837,8.007859512031182,35.92134120855805,92.46268483949666,8.364987046252992,4.513354309176946
location_2,J5,113,41,19.664447259896107,9.086422140023608,4.770872644449199,3,8.748700499291502,3,0.27319039405026013,5.949708861365634,31.038780481227153,99.45310307798503,97.98513574854135,5.900351627208648
location_2,J5,114,21,46.67365138929166,7.0290676980694204,0.5594731350221405,4,1.1947613020233572,2,0.6612922338480844,14.915342872464121,8.855832681649655,92.30024435915055,82.78161852549546,3.9474009296380164
location_2,J5,115,22,16.041841977067524,9.020216817471352,9.861158023069724,1,12.6703072378275,2,0.4630882491956728,18.206477496423467,17.757620852796904,92.68663899548353,123.0726308486584,5.034861467253624
location_2,J5,116,4,44.54061216333028,6.493469754493121,6.415953930983216,0,0.21812229627062973,0,0.6370853691266053,12.867867707166361,18.3625666936739,86.47414812341482,118.72070810091704,2.54715392621838
location_2,J5,117,34,22.767295808447287,7.3572054121626245,3.3389901454511826,4,23.54947994260656,1,0.42246579425806874,18.313216979900144,7.532139016537611,48.78892941940417,128.4851614151131,5.996933794424127
location_2,J5,118,9,44.4747155056758,6.144068411102593,6.840334556820059,3,19.86377732167036,2,0.7127558236761673,17.074988089496095,20.012346092542174,13.59185191006025,117.44796143611676,2.664337995340974
location_2,J5,119,2,41.34211822200224,3.7478617732356923,9.25136396120809,2,13.048201865466885,3,0.9498614395544964,6.419235685129707,23.538423556880566,57.5205794432731,138.10923926103015,3.344001004810561
location_2,J6,0,2,7.812369121858853,4.647056707987084,4.678472413688216,0,25.60812795189353,1,0.6769077928446383,18.273999461802333,36.806564010185625,62.71912945576285,149.6806110679748,5.0
location_2,J6,1,14,16.740052768020707,7.877690285240652,0.9276299545679145,2,28.350235021320163,3,0.025091728028988847,1.9157655442946675,27.77745411525642,49.92290356795731,99.33625591553763,4.974714156890345
location_2,J6,2,34,10.274290131125523,6.320068128511474,4.097135997466685,0,7.452056798455148,1,0.7774135601794165,17.61883840862037,26.4871176403012,63.00614901694244,168.72950405191966,5.016663853945584
location_2,J6,3,49,29.2755492475473,5.958702789757002,5.262733460797716,4,13.259084211404579,0,0.11492265761010623,16.140132414553772,30.069187746201425,6.755143700284649,197.35834126734417,5.258964891851152
location_2,J6,4,17,25.489124916451416,1.4539511899153923,9.179645340523743,2,13.738861341613962,1,0.13825241885674922,19.709534591410925,21.12758296381137,19.18042050117956,84.90928878228911,4.376970471220985
location_2,J6,5,28,21.590659193924754,1.7131443072996289,8.923301730765345,0,6.262785198267968,0,0.32737281218464576,3.6842181215102388,41.96350205427518,32.69288351911575,195.48303719368386,4.414220323630664
location_2,J6,6,41,19.29964234055555,3.132872290615926,9.998384746731885,3,18.834298548807094,1,0.5283195709833043,2.481871078909539,35.9833228255564,72.30449272327229,84.44250239319541,5.652237458841961
location_2,J6,7,47,24.929293943247316,9.624750040550563,9.187033173373461,0,15.926142570740511,3,0.7697882038314927,14.147181831471691,32.076584177253515,17.180135634544747,53.820316016610725,7.444910254091669
location_2,J6,8,7,25.88413967581341,0.7621034800886484,0.04558070912777268,3,4.991870817705468,1,0.6674442074141516,18.664558912291323,45.46887617842301,68.4161923204092,70.25269918714059,6.187278240640237
location_2,J6,9,36,22.528076678123416,9.602512377161883,4.595357416106378,3,0.8976904316798895,3,0.7819176847973055,19.800264539232643,9.875603744000298,30.516223683167965,113.9683621352755,7.0425809179081975
location_2,J6,10,18,4.955658146432568,4.771072314160162,7.646654092051191,4,8.393514927952147,2,0.6156649333921375,12.3937728917601,16.879589435051667,58.851322503130135,86.6563498423952,5.3967007426600135
location_2,J6,11,14,39.97466748887564,4.359612531948302,0.9688171504911358,0,28.618785305384815,2,0.19329881514723357,7.610861721728117,36.38586935237921,38.550014560662916,82.48219511980628,7.2244664913087195
location_2,J6,12,0,1.6237288966845453,8.468798639039168,1.2562224175887826,2,0.3162544226409403,2,0.5999069404084483,10.529489191214378,22.763220569459282,13.8471245806565,154.54189809975352,7.6833745895386585
location_2,J6,13,48,31.92111674086215,8.314761480110388,0.019200277026085733,4,28.42910466168568,3,0.7788555215010241,7.9803837091922025,30.321750635038317,87.25087754752454,178.2485853916054,4.118968757778083
location_2,J6,14,13,47.46960765129308,1.3398400883193773,0.06447711841581771,2,15.735554242795917,3,0.6382010106193713,13.145749253844048,52.670272851515776,2.703440199086471,57.177677573616556,3.1809809955468493
location_2,J6,15,0,22.731159531432926,8.117443998973643,9.428689595535122,2,3.8109665412728844,2,0.3366916105532405,11.760527157599254,20.90190366283252,54.307925301205394,24.535581775824266,2.5609723784862073
location_2,J6,16,47,47.58314268817486,5.107033625017568,3.9674049601014536,4,21.97453106421106,3,0.31658394868727635,12.78916680183963,24.313683150628695,43.85140917009186,52.75928853444012,4.425107616157379
location_2,J6,17,28,23.186024506890913,3.231270948370465,0.3961749637798717,0,29.69340506872254,3,0.4859719474528652,6.92901310800057,38.10887012942004,40.15426058450853,149.89586985895195,3.354433951663003
location_2,J6,18,24,24.486573238312765,1.0837922915508758,6.52552325035033,4,19.079800762662156,0,0.5119749249585483,3.196921159361199,43.518592014932906,31.96641096326529,77.64295808020807,1.9972977803815641
location_2,J6,19,33,7.057158157648535,5.922277384495736,2.439102164109862,2,21.505052243229773,0,0.6454564902537542,7.893046243214057,48.77993742864627,78.01788184163114,199.94167575498537,1.8278425162231424
location_2,J6,20,14,14.700440382614282,7.803315057970145,1.8841906029968136,2,17.96756960075186,0,0.8734113939617189,17.898348432683385,40.26460100627697,83.20243544109958,30.679098721494412,0.09013195053636247
location_2,J6,21,19,29.391212227488023,8.856745156316405,5.3025860392415405,3,10.159972059512064,2,0.9224716976726163,11.03355171794875,55.1799439449986,80.63350777087678,169.50957135084204,0.0
location_2,J6,22,14,7.44986243641243,9.716191028062518,8.660585533272819,2,26.981218577270383,0,0.3019485286634034,16.36846439611145,9.667649188286124,79.28655414945578,197.36116736546384,2.255902205365671
location_2,J6,23,22,23.621814142216536,1.2318852111207512,9.796963159794204,2,14.979884232614348,1,0.5416495665372049,8.327012429307867,13.500461597242815,22.266971182409844,133.60957207575018,0.9022579749656501
location_2,J6,24,14,28.519889355698574,3.967840003617261,6.184592649841587,3,19.35960551024173,0,0.5175672725256517,5.770309052434257,0.6110999467038991,24.078077846325375,169.48707776403148,3.114591453969913
location_2,J6,25,36,27.69553501198226,0.4867645966913714,5.237395882893666,1,18.187023947726825,2,0.3926088139548086,8.797487522655487,25.034860668754046,38.28005193019896,155.50018251050514,1.1532659360050759
location_2,J6,26,19,36.81723584883219,6.357439833950753,4.05286911723989,1,10.033198526714635,0,0.12784881016904182,0.7471992701228114,41.00718373731626,2.46845740460655,2.3928208020737918,2.02924816999834
location_2,J6,27,44,6.528267495029932,8.876696096443666,4.461276154296798,3,15.613994770261051,2,0.6397071759897133,12.99444372597151,38.680674202948204,86.46300100613867,1.3547481484896373,2.5528417617456896
location_2,J6,28,38,25.0859255057444,6.872630688813101,0.5299072314810394,3,27.733963393205336,3,0.6230921783639061,1.421502419967371,3.4595576905070735,52.85518029873957,79.35447036522945,1.4793385427965984
location_2,J6,29,14,19.691744680725847,3.8870913598374313,4.566455259942005,2,0.5063297198730687,3,0.5501190138204781,18.77377622866564,15.228330615384937,99.76245907441276,138.58359134830943,2.054971873141967
location_2,J6,30,10,44.446162548228216,7.599238559888622,9.05058750295315,0,25.726383147517474,0,0.41573212723775066,0.8533130874483086,31.99026600753629,11.670404555174551,15.822894137588195,1.9142030507570496
location_2,J6,31,24,34.75470852656997,9.966129432217729,1.1293249488858637,3,9.467725303700346,3,0.24986112866469623,14.70742403704055,56.14520432993577,24.884670423629395,116.76790717972303,3.1328307567973077
location_2,J6,32,30,47.967746905368905,0.011220393704661769,0.5168511831346656,4,9.206384196245736,2,0.32201579661091073,0.14973481151246526,14.434351982920353,71.46926466686183,75.65568556424232,3.3184724831114973
location_2,J6,33,12,19.794850699223566,8.28055810330953,7.939777939467621,0,2.834259754481192,2,0.6123072171261373,17.681535670187962,29.4425151953703,13.304288466855741,116.73959861323905,2.7310067311687884
location_2,J6,34,43,32.09154914526498,3.262716168691412,1.0804011817474501,3,15.79153681687719,3,0.113735060275717,10.386053651941257,41.55568683245824,52.22828495120234,19.841798911973328,6.508857892278208
location_2,J6,35,30,42.26985447705396,7.470664703996838,5.60874803341115,2,29.89887122690535,1,0.8467474596909981,10.374870509665692,3.854143071162539,50.976817618214085,175.16918307567727,5.773292332821845
location_2,J6,36,29,19.509985594571273,2.3704086020441117,0.5173357580937632,1,28.454895541744907,2,0.6912255146949213,3.960834991657791,48.60849253065042,28.085563188731342,111.14304672216504,6.444085219306959
location_2,J6,37,13,9.649711732982475,2.018204046609119,5.469525633430116,3,10.66469203310298,2,0.6402702336839451,18.52106275520192,26.12068686005664,55.064497512926756,37.82355790976779,5.664375080933972
location_2,J6,38,10,44.16312359746823,8.09598136696598,4.961979813125596,2,24.054845563009625,3,0.8181714030893037,15.58115086820121,53.13753442924516,56.951093451928436,74.02750135559455,6.165115869528661
location_2,J6,39,24,3.7139769738362363,7.673881686428226,3.660266251190525,1,1.3523785294273705,1,0.8545622958463828,13.362955762164164,1.5474698093741135,54.015955710778506,30.76063739003436,6.652629522825519
location_2,J6,40,49,13.099319775124101,8.112204908685797,2.3322240570972563,0,8.471830832907315,0,0.577605859758019,9.562342690213155,10.021917891506718,24.161426951295873,178.8098693233899,5.799149174793021
location_2,J6,41,43,26.413957395727124,7.573401366239354,7.798731182078277,2,9.497163135609405,2,0.32137508272661863,14.624700785329557,59.52694128591184,52.53618370047912,10.293587641573376,6.000108684683388
location_2,J6,42,4,2.915629923845392,0.9586204588877312,5.379628914919071,0,22.512726766053877,2,0.16338250025412437,9.162300680103442,14.43494318860392,29.77086374523029,7.680487708010375,5.279850564490813
location_2,J6,43,34,13.601259679198098,8.828784158610759,5.3338855433380905,4,9.56864973039696,2,0.3003441878136395,3.8907685845778928,26.583723259721697,50.43460496663599,179.84539414013923,6.063326147052494
location_2,J6,44,46,39.420858292037636,3.7761754897409414,4.281087560405563,2,7.635960520076065,2,0.2588076050071827,3.89374518048315,13.673836726780229,22.677488117967993,86.1093363091889,5.147209496644688
location_2,J6,45,16,8.241070560010805,2.1966451309804045,7.119537434074101,4,6.082122437254944,0,0.06069958266618014,16.79097591710987,47.142190126037434,44.07547456940113,152.19142343657884,4.655703592617546
location_2,J6,46,0,27.764987536700758,5.67566961199128,6.425663387203792,0,8.449107819928903,0,0.32724071153938583,3.6215984741370955,36.409021286329256,13.20043883479326,171.1614304613258,2.8862248228704526
location_2,J6,47,32,46.947573440261124,3.4586475633419766,3.16099108898987,1,14.635735321079027,1,0.9965429066432031,9.789358288314906,28.510507866496482,97.37422766504635,196.98031297926016,2.5374998102619486
location_2,J6,48,7,13.07894239270278,7.09869774356372,3.900690741103329,4,4.792194109503019,1,0.7240738528168114,16.50379801359813,55.361546841306,9.90752098893658,153.73819489329927,2.32963703003663
location_2,J6,49,40,39.42906784287842,6.946186119788744,7.746640719739631,3,2.890581683678989,1,0.42488600466941107,4.484889077396568,45.77530264846075,74.44350262996592,129.4111783828119,3.0867047047260474
location_2,J6,50,14,23.240301633933008,8.50107453234751,2.984438484276204,3,24.529542591192886,3,0.8593742224137987,0.3068975589807943,43.17638081189117,32.992211369913136,183.86946873942344,4.461286195579246
location_2,J6,51,15,43.09504156388459,9.935585575302799,2.8733347168070145,2,22.64050723046937,3,0.6746788236766706,6.080432917791791,42.766159129438336,90.29247042368763,160.7882441511199,5.300608476534733
location_2,J6,52,3,34.60811269746926,7.995639300224364,3.7127127418174766,3,14.691542382855326,1,0.27831621131117024,2.6472254415672447,8.374723942365264,37.36861551963205,183.75379676144476,8.350087378532834
location_2,J6,53,9,2.394889578955095,1.4154897217739004,7.024981957195654,2,4.32565855957465,0,0.5154915711297089,11.477706143571577,33.02362464445253,44.654583349611734,109.78945197603147,5.283326667131098
location_2,J6,54,44,0.5823679909502333,7.626427949568991,9.848317434020837,2,28.01312810189245,2,0.1863165089491704,14.810756946697726,24.138216843340064,39.04179879602325,126.29053197871205,7.417017182950769
location_2,J6,55,37,24.671884348930938,5.668995383859755,7.067345745006033,4,22.143065151252877,3,0.9427531170098192,10.54901946829612,35.62093905496711,13.906702914905145,114.16515947943458,7.892089422427329
location_2,J6,56,4,0.4853432156325943,5.631812409527487,2.0602475429980194,4,19.61214803682242,0,0.3942256443670067,15.400670771114768,22.36487041892703,51.03697959544588,81.71310560333048,7.554448866795962
location_2,J6,57,3,30.518142451344232,3.3724564562485373,8.77507924654258,3,23.71832023035752,0,0.32858180876967724,19.401864238440755,28.69492257319196,35.92466881268579,181.54563953675228,4.090111284691067
location_2,J6,58,20,29.436973575554028,1.6073298083378662,5.660642343822392,3,0.9027280873770227,3,0.6874972146658489,7.510670742829175,1.0213365831148402,72.60556872527096,25.861402494745377,4.398175752212655
location_2,J6,59,6,33.57243361307888,1.7305194118042166,9.118767796934218,0,16.494049022392222,1,0.43903734992196475,16.38075335200726,58.31878323536956,1.8165086873526137,29.330836602558442,3.4395229772690885
location_2,J6,60,26,21.67682908569019,0.5759950627300581,4.184882995336503,2,0.35027228434336033,2,0.6242408941663337,11.980275798607858,6.144743550427312,23.522474818799378,92.78348846973006,3.356884849684304
location_2,J6,61,2,31.7694659468012,8.053498249492414,8.19439617360182,4,9.344111292801724,1,0.6409855830985451,18.0314019093849,24.197448002361636,12.053878752614,129.69341784377573,1.9408367648504266
location_2,J6,62,44,3.0484478554136105,7.439484279843109,1.478211423998027,1,13.125703261574373,0,0.002940582229990829,10.507834764487606,47.51635861615074,22.7425780647176,103.26839488958343,1.8895580706591057
location_2,J6,63,19,10.154713111636916,8.567286077597107,2.6020127110786326,4,25.299170060907233,3,0.3636156156207938,17.705641272460593,2.455009944171096,25.28351598754377,179.47776356851793,2.7315534736031264
location_2,J6,64,21,35.695865082619676,7.0414313004914275,7.367598728623968,0,22.249832904666388,0,0.20565587861589218,4.544707848122558,18.251055499858076,83.29879457801033,91.27553176958713,5.44233921221744
location_2,J6,65,10,38.400536168938906,1.6778600305867497,2.3169412704682193,1,24.591489990791274,0,0.7313505482406292,8.711241970177268,42.092571370984956,33.87094087134535,187.1672028599523,4.239989379870744
location_2,J6,66,12,9.747383039892805,7.35959019803195,8.833490198491656,4,10.803923818604387,2,0.8944549139567449,9.915492382100346,19.070052024565346,89.8499963611385,192.82720707973812,1.84655672080115
location_2,J6,67,49,8.466024224992536,5.578519315361047,2.9649097016052184,4,14.509360924856416,1,0.6672386250013925,5.918115179215007,31.92130111647298,96.96011762280466,56.02645132739295,2.830456691010396
location_2,J6,68,17,42.1114918147771,1.0867295331553428,5.293525555237134,2,28.44128862803569,0,0.05651562509318031,14.864900227498872,33.40596454101281,46.52602412158462,82.71137782095022,4.8117783328607056
location_2,J6,69,16,48.8020773668027,9.051223496053218,6.285750226710711,4,10.838004887004221,0,0.17922123396965262,7.44913581463122,1.5411237870506533,37.81123964588448,14.570854642680997,5.001297811267657
location_2,J6,70,46,25.175705296195233,9.023171026611102,4.0221835433898265,3,24.561730757369276,1,0.39440376589225756,14.109907250615484,36.28024687326388,18.529217222395623,119.49432129031659,4.48540777730867
location_2,J6,71,19,18.061790567064435,6.2786420466768895,7.5363678491996975,0,21.113352430689133,0,0.5434725562463806,16.401353648943882,16.109014535954138,91.43941608352178,80.40726767859655,5.2380587668398375
location_2,J6,72,21,8.312257865806016,4.196412197940792,0.3504399745847253,3,0.065346977865266,3,0.5935346168252246,0.12892088543722258,16.10118297128402,85.8090118691655,143.29606718502862,2.9694088923464332
location_2,J6,73,11,31.05330537940067,2.3792410321097455,3.5236623536044775,3,25.079844007781553,0,0.41827703548497885,7.262429708197448,12.090907874621221,17.4788771300704,90.29681527914717,3.0999488280910685
location_2,J6,74,29,17.593643837194108,0.9760052569801925,8.713274397712128,3,24.062528480662337,0,0.3992974175821946,12.453525686477342,51.70680097578431,45.130446968070224,94.96286884384853,2.5490390774315945
location_2,J6,75,9,22.39995081710557,8.059994989169777,7.445022908100495,1,23.365958806721746,3,0.06945752761946133,5.3574666551071415,58.395839581954284,8.167300339049,107.59807445250348,2.9890563332834397
location_2,J6,76,15,33.124075486085,9.667530778577012,0.14763460980791066,1,18.62964671818909,3,0.38692858015188414,13.438902811312815,24.994107958865,38.39690625088643,116.80390776745209,3.679181109732829
location_2,J6,77,41,47.05318737951234,0.14040632123223706,4.790749157929634,4,3.664203608724547,1,0.5363473283730771,5.387054931180007,41.69560894337973,70.99285853633248,104.16820646086633,2.1362638602242687
location_2,J6,78,30,44.165494539140454,4.793612869850442,4.4301946083825445,0,25.263397829592588,3,0.2221869533956231,17.88266387620689,33.8586025739865,9.491860902366112,79.39109171988943,1.7606075400834906
location_2,J6,79,27,39.536655386147565,1.0603578759806576,3.978794562599788,1,16.412236979344684,1,0.6577465844009773,10.350418973124649,39.73364444573646,41.383578997582816,30.833510817288712,0.5414234939465872
location_2,J6,80,24,37.16370779179376,4.185390419003551,2.077717012007665,1,8.535410867057472,1,0.2902420925634912,5.5658775217695045,50.73496284579259,24.122511683216917,54.79857562877968,1.487176594544315
location_2,J6,81,2,4.40250134648017,5.806127945543348,9.691243185508291,4,4.514018078206734,2,0.5036150487320212,2.4372533724615675,39.05656872760269,73.10060859393762,171.85319466256766,2.239357573447564
location_2,J6,82,41,15.47247681496356,4.291006602659261,3.5775974250095723,3,13.017654669557427,1,0.8808400103849219,11.922988919511784,9.469873521063818,35.33483407305626,69.94732430954016,1.818044609941261
location_2,J6,83,44,21.770675123341967,0.1722348307915822,8.632221120549012,4,0.957823976345552,1,0.26202118844280853,16.248050163169424,7.00639253754405,80.19300984260431,169.74584790939525,2.357906690812063
location_2,J6,84,23,8.491448946302322,9.878447676074753,6.957953197412375,2,5.548017075479839,0,0.0028597120004186793,1.5230663625305385,57.26824975364809,38.90547643362208,113.23160768034435,4.195593947050904
location_2,J6,85,21,49.47028840150622,9.258042603917458,9.668024850188633,4,22.234466575268197,0,0.8860628513473452,7.098356343147277,12.055875109815018,52.60453870306902,106.24185966713935,7.598475924888385
location_2,J6,86,35,35.507095979800916,7.723731077370296,1.096594546403844,3,18.247064906060608,1,0.48864225853395404,5.498137379625357,22.990523115455726,55.76298562416409,63.28331816429716,8.96593266048268
location_2,J6,87,35,0.9842379108206956,4.00680898855856,5.547901377629766,0,19.91039787012478,1,0.4281466618894747,5.937840507538588,40.22459049983547,75.3128728257693,154.27913760544314,8.194415660653107
location_2,J6,88,39,19.77419860340258,6.894901814229618,8.141188047382988,4,16.04202329840145,3,0.36020400967354305,2.410095143278894,13.65827598022069,69.42788864969536,33.11317580209776,6.423880759432028
location_2,J6,89,33,45.88772364037192,7.097683764592927,6.897700594466297,0,23.493329473565037,1,0.6784189146034054,14.237942535095023,29.24573255134091,60.47052148098895,85.62272446255275,6.907701033934835
location_2,J6,90,34,21.216107081544084,3.4025464119769797,4.346849784237474,0,25.04533815702047,0,0.6345490613013687,10.488194985993946,17.492009358322715,62.81707217233395,142.87037480882054,4.601289132763765
location_2,J6,91,44,4.139954267680956,0.3968651395923961,5.988750048749529,1,8.489379513138882,3,0.5122169814554521,8.530470539808341,12.664852745068062,55.024567602736774,24.045348351434082,4.9596612730333245
location_2,J6,92,33,42.66139117057442,6.223145170960157,2.597767488179467,1,2.326472561230534,3,0.14914278580668794,0.03579580644440972,21.602118557413338,81.06878069171877,115.15568904718003,4.678719557379034
location_2,J6,93,16,28.609193926847837,9.480837452747801,4.845146289269742,4,22.375726916801682,3,0.34764120812935884,1.5341397735778606,42.59276413387232,21.64266293475875,7.591764386162203,7.225582701867973
location_2,J6,94,14,24.645306364848963,7.4778728986546295,2.9497545938416927,2,3.0279379941181506,2,0.2762854881517588,4.174695789232874,6.203239430877881,80.15755960684137,140.13698684112012,5.632227962149045
location_2,J6,95,47,4.191134395072038,2.2798738863031542,2.436201644036604,1,13.987457850909005,1,0.1703349689324256,8.89383692541125,47.76132803321066,44.787759697723914,162.05653920878538,5.05206643712685
location_2,J6,96,48,14.464098674758436,5.5581030144142085,5.823129334842699,0,24.735190975764795,2,0.642391769949142,0.06836578980616848,23.561806012446397,46.10278491530294,159.11135738439773,5.437166622777143
location_2,J6,97,18,37.13559348814105,3.902147311191478,7.201227752510625,1,17.707159702006088,3,0.2797202151512297,7.402817710532144,25.71743052582407,31.61532482858075,60.742827757258055,4.267123158617497
location_2,J6,98,6,7.767264914634408,5.465005296476358,7.531156364301449,2,24.293815074184806,3,0.7751615843334178,4.010717890636353,34.19439470919451,33.76703328329314,147.43436875085104,6.535055679449412
location_2,J6,99,40,21.115385295743245,7.240594904541099,6.676963546716648,2,3.791390428059694,0,0.12348677213218584,9.244945568040908,39.28995138638894,37.18700471876267,103.44916728227518,10.879542314050443
location_2,J6,100,1,13.596569862361862,4.867171546095599,3.380304215476654,1,27.226953474509806,2,0.268154021325384,0.2701440384332221,46.19734984687313,50.08054136967486,28.309028685325277,11.528022614385247
location_2,J6,101,28,34.50088818002019,9.123162612058817,4.706436180102043,4,23.55305741967116,1,0.9875002011733409,14.544021947811927,27.30416953192453,49.291773543489434,0.05076854240475548,9.954321855057968
location_2,J6,102,22,13.759425955853105,6.921146879122539,2.728810909850127,0,4.961006130284976,1,0.6793239327912491,10.890115376844282,20.839691287445945,97.25981195284027,182.14751220104787,7.864154357873353
location_2,J6,103,5,23.730966886661932,3.5231884144511394,2.78284476955068,0,0.42048518863533224,1,0.5355773297206601,13.593491239222868,57.75144809176918,80.95098569477595,32.04129578937547,6.747008085161658
location_2,J6,104,39,18.854798634889363,6.123338257392731,4.562685332551821,0,12.43204660829069,0,0.5986644995315266,0.5949010135305777,50.12731113212809,24.00393600798757,66.62624500622647,6.408563335352303
location_2,J6,105,41,38.922607104395674,4.553767219453412,6.584642328372931,4,22.263639655587344,3,0.9901886199617496,10.27871432867067,59.78434213275682,20.505471403651086,198.3016663947672,5.43983194831579
location_2,J6,106,34,39.778354858444665,7.920308389451477,4.24174179765192,2,18.347673179072782,3,0.1483065331393335,11.811062514828974,7.811978094416405,1.5495891660422645,171.5465053389752,3.810691675100241
location_2,J6,107,39,24.191295126539014,0.07449577630151638,3.3399872277202314,0,28.62733633060438,0,0.6964425334558979,8.247291452407374,5.610755826492369,98.34955123785775,16.96017592924024,4.023440607589285
location_2,J6,108,41,34.27700514015156,5.855655117472684,2.9847025881948275,1,0.2981515569059723,2,0.6764717807036787,4.551377386157172,32.71826735495958,26.75337231735353,128.25578826487566,3.563354797216179
location_2,J6,109,19,5.465119502703352,0.23491401158192926,9.411202139147974,3,17.25593658073561,0,0.8226723593124851,4.686820044047733,55.72222661689227,48.95932062038566,47.23270321094939,3.5190143176755933
location_2,J6,110,41,38.7883947974651,9.793343960672807,6.194136325088634,4,26.566593225959416,0,0.10954564537564748,11.077263629315595,41.744101690419235,93.9352552826076,180.24552477703696,8.13965835781531
location_2,J6,111,20,36.83203182042152,5.07532541522545,0.45929439874847877,0,8.425593957146774,0,0.9179163584864721,4.4241112646723195,41.77934451941477,11.229353621667482,98.77649314258706,4.869556907568528
location_2,J6,112,37,23.978500754641523,2.787995061250137,9.081148103923134,4,4.230735827012259,3,0.6818701307051639,18.89465024876786,31.495504089252147,5.208258134103172,10.842029896598948,4.455159595149903
location_2,J6,113,49,40.447168697560706,1.106995141332282,7.984940338830323,1,28.977259206899,1,0.07448442730747129,16.861723025880952,59.345664591333446,10.275574842726465,20.733947510913374,4.0387754486880105
location_2,J6,114,10,20.811426574358006,3.4169521277795276,9.788579058458184,0,27.01049079697161,0,0.1087432592595774,8.36541597733898,8.147508983150097,44.166104222767885,77.85645413410745,3.952133870001965
location_2,J6,115,5,28.509901234531704,6.340792221810695,6.419818600408308,4,3.5691839549881954,3,0.9151695232300504,0.9274378929255422,13.036850392126674,93.66288747695951,160.99463880071897,4.212394071636445
location_2,J6,116,18,17.751255718220783,9.728883211260253,1.4827113870675834,2,9.578724930441467,3,0.17079611249801996,12.28835527336149,28.990024545699498,37.41004528660453,106.05114179911081,5.390621532258053
location_2,J6,117,14,11.072366140447137,0.9440033852282237,8.477247108436787,2,11.58832107654057,2,0.17369561372286502,0.19661450735619868,37.43626807805216,70.54325596109388,171.17818753632065,3.014829020241886
location_2,J6,118,20,2.835811324211962,2.1023699873390966,2.9791974420008724,0,18.055113766658778,3,0.1809676264338217,1.6478706165501444,52.42323996780382,8.345433418587145,113.74407980788754,2.8623603616346767
location_2,J6,119,18,18.56173841936165,2.769433347845424,2.8708635007080985,1,21.918660127850018,1,0.07697547265670979,15.394251442192296,59.45990867485827,30.122493432437068,170.28907973887578,2.067012214555742
